Data Source,World Development Indicators,,,,,,,,,,,,,,,,,,,,,,,,,,,,,,,,,,,,,,,,,,,,,,,,,,,,,,,,,,,,,,,,,,,
,,,,,,,,,,,,,,,,,,,,,,,,,,,,,,,,,,,,,,,,,,,,,,,,,,,,,,,,,,,,,,,,,,,,
Last Updated Date,25/05/2022,,,,,,,,,,,,,,,,,,,,,,,,,,,,,,,,,,,,,,,,,,,,,,,,,,,,,,,,,,,,,,,,,,,
,,,,,,,,,,,,,,,,,,,,,,,,,,,,,,,,,,,,,,,,,,,,,,,,,,,,,,,,,,,,,,,,,,,,
Country Name,Country Code,Year,Indicator Name,Indicator Code,1960,1961,1962,1963,1964,1965,1966,1967,1968,1969,1970,1971,1972,1973,1974,1975,1976,1977,1978,1979,1980,1981,1982,1983,1984,1985,1986,1987,1988,1989,1990,1991,1992,1993,1994,1995,1996,1997,1998,1999,2000,2001,2002,2003,2004,2005,2006,2007,2008,2009,2010,2011,2012,2013,2014,2015,2016,2017,2018,2019,2020,2021,,MOST RECENT
Aruba,ABW,2017,"GNI per capita, PPP (current international $)",NY.GNP.PCAP.PP.CD,,,,,,,,,,,,,,,,,,,,,,,,,,,,,,,23060,24780,25380,26080,27250,27370,27190,28780,29410,28980,31620,30140,27760,29550,31950,27060,33630,31230,35660,32360,30710,31000,32030,34610,35420,35740,35880,36750,,,,,,36750.00
Africa Eastern and Southern,AFE,2020,"GNI per capita, PPP (current international $)",NY.GNP.PCAP.PP.CD,,,,,,,,,,,,,,,,,,,,,,,,,,,,,,,1738.721483,1769.677715,1680.645747,1712.781945,1733.420569,1836.683083,1922.307161,1989.472103,1992.950178,2012.020676,2080.569242,2145.143818,2212.789628,2272.011176,2402.431389,2560.85794,2736.490914,2905.324577,3001.081063,2984.090358,3066.110072,3177.26607,3121.571713,3238.881478,3388.992105,3428.441204,3547.837212,3603.506658,3686.815396,3742.61295,3591.372558,,,3591.37
Afghanistan,AFG,2020,"GNI per capita, PPP (current international $)",NY.GNP.PCAP.PP.CD,,,,,,,,,,,,,,,,,,,,,,,,,,,,,,,,,,,,,,,,,,,,,,,,,,1520,1710,1700,1920,2020,2070,2110,2000,2090,2100,2190,2100,,,2100.00
Africa Western and Central,AFW,2020,"GNI per capita, PPP (current international $)",NY.GNP.PCAP.PP.CD,,,,,,,,,,,,,,,,,,,,,,,,,,,,,,,1635.397133,1671.520294,1696.432663,1646.248454,1655.557321,1691.305954,1707.182804,1768.12075,1796.047322,1832.304242,1803.82794,1922.50912,2084.759362,2171.200428,2336.238879,2497.165695,2765.350418,2870.954081,3020.04177,3134.745533,3286.994235,3417.4996,3532.962685,3762.240464,4051.91937,4021.290868,3959.126893,3972.513854,4048.230818,4177.241642,4097.579091,,,4097.58
Angola,AGO,2020,"GNI per capita, PPP (current international $)",NY.GNP.PCAP.PP.CD,,,,,,,,,,,,,,,,,,,,,,,,,,,,,,,2990,3310,1630,1490,1260,2350,2420,2830,2820,2640,2790,2910,3380,3470,3780,4310,4730,5350,5580,5840,5950,6130,6810,7130,7680,6960,6730,6860,6550,6370,5900,,,5900.00
Albania,ALB,2020,"GNI per capita, PPP (current international $)",NY.GNP.PCAP.PP.CD,,,,,,,,,,,,,,,,,,,,,,,,,,,,,,,2550,1880,1740,2110,2300,2700,3050,2780,3110,3550,3980,4440,4780,5130,5560,5980,6760,7490,8270,8670,9530,10210,10450,10750,11360,11800,12280,12800,13480,13810,13190,,,13190.00
_Andorra,AND,#N/A,"GNI per capita, PPP (current international $)",NY.GNP.PCAP.PP.CD,,,,,,,,,,,,,,,,,,,,,,,,,,,,,,,,,,,,,,,,,,,,,,,,,,,,,,,,,,,,,,,,#N/A
Arab World,ARB,2020,"GNI per capita, PPP (current international $)",NY.GNP.PCAP.PP.CD,,,,,,,,,,,,,,,,,,,,,,,,,,,,,,,6865.349369,7429.28557,7833.781835,8068.690101,8172.700363,8321.672651,8583.06739,8882.050293,9397.543469,9460.839218,10049.64497,10261.65945,10115.36295,10491.28151,11537.51565,12183.3987,13103.00512,13794.5775,14495.85311,14280.05714,14587.00799,15068.9176,16026.85978,16004.51069,15746.23254,14189.17408,13749.68501,14234.67915,14574.62638,14830.10091,14094.0254,,,14094.03
United Arab Emirates,ARE,2020,"GNI per capita, PPP (current international $)",NY.GNP.PCAP.PP.CD,,,,,,,,,,,,,,,,,,,,,,,,,,,,,,,,,,,,,,,,,103170,101470,96350,99200,102360,99230,97720,89930,80690,68870,64860,67710,69160,70460,73740,65220,64340,67670,68810,71500,66690,,,66690.00
Argentina,ARG,2020,"GNI per capita, PPP (current international $)",NY.GNP.PCAP.PP.CD,,,,,,,,,,,,,,,,,,,,,,,,,,,,,,,6880,7750,8550,9410,10020,9780,10370,11260,11650,11280,11310,10900,9540,10580,10860,12030,14460,16130,16970,15830,17440,18770,19150,19650,19250,19730,19860,23000,22460,22090,20230,,,20230.00
Armenia,ARM,2020,"GNI per capita, PPP (current international $)",NY.GNP.PCAP.PP.CD,,,,,,,,,,,,,,,,,,,,,,,,,,,,,,,2670,2550,1290,1480,1630,1870,2050,2240,2390,2510,2740,3090,3580,4180,4810,5680,6720,7960,8790,7530,7880,8310,9740,10440,10490,10370,10950,12540,13230,14420,13110,,,13110.00
_American Samoa,ASM,#N/A,"GNI per capita, PPP (current international $)",NY.GNP.PCAP.PP.CD,,,,,,,,,,,,,,,,,,,,,,,,,,,,,,,,,,,,,,,,,,,,,,,,,,,,,,,,,,,,,,,,#N/A
Antigua and Barbuda,ATG,2020,"GNI per capita, PPP (current international $)",NY.GNP.PCAP.PP.CD,,,,,,,,,,,,,,,,,,,,,,,,,,,,,,,10470,11290,11570,12430,13230,12620,13480,14290,14880,15320,15940,15670,15530,16670,17800,19440,22240,24590,24550,21510,20110,19720,18950,18180,18110,17720,18570,18780,20480,21340,17910,,,17910.00
Australia,AUS,2020,"GNI per capita, PPP (current international $)",NY.GNP.PCAP.PP.CD,,,,,,,,,,,,,,,,,,,,,,,,,,,,,,,16760,17100,17500,18640,19640,20200,21230,22200,23450,24510,25580,26670,27990,28970,30510,31440,33030,34970,35970,38870,37810,40320,41530,44760,45660,45310,46140,47090,48600,50090,52230,,,52230.00
Austria,AUT,2020,"GNI per capita, PPP (current international $)",NY.GNP.PCAP.PP.CD,,,,,,,,,,,,,,,,,,,,,,,,,,,,,,,19550,20590,21330,21780,22660,23590,24540,25310,26510,27170,29120,29300,31000,32060,33730,34940,37750,39390,41660,40900,42360,44600,46500,48050,48860,49370,52680,53670,56400,57870,55620,,,55620.00
Azerbaijan,AZE,2020,"GNI per capita, PPP (current international $)",NY.GNP.PCAP.PP.CD,,,,,,,,,,,,,,,,,,,,,,,,,,,,,,,,,,3230,2610,2310,2360,2520,2790,3130,3320,3680,4030,4480,4850,5970,8130,10010,11630,12940,13800,13790,15050,16330,16940,14460,13510,13590,13850,14470,14390,,,14390.00
Burundi,BDI,2020,"GNI per capita, PPP (current international $)",NY.GNP.PCAP.PP.CD,,,,,,,,,,,,,,,,,,,,,,,,,,,,,,,610,650,650,620,590,550,510,500,530,520,540,530,550,530,550,560,590,610,630,640,660,680,690,740,780,840,800,770,780,790,780,,,780.00
Belgium,BEL,2020,"GNI per capita, PPP (current international $)",NY.GNP.PCAP.PP.CD,,,,,,,,,,,,,,,,,,,,,,,,,,,,,,,18740,19730,20400,20800,22030,22930,23270,24310,24960,26030,28500,29330,30810,31520,32510,33590,35770,37300,38800,38450,40450,41010,43270,44750,45870,46850,49060,50900,52990,54790,53650,,,53650.00
Benin,BEN,2020,"GNI per capita, PPP (current international $)",NY.GNP.PCAP.PP.CD,,,,,,,,,,,,,,,,,,,,,,,,,,,,,,,1230,1290,1290,1370,1370,1440,1490,1560,1610,1670,1750,1830,1880,1920,2000,2050,2130,2250,2350,2350,2350,2410,2480,2650,2820,2860,2980,3010,3200,3390,3470,,,3470.00
Burkina Faso,BFA,2020,"GNI per capita, PPP (current international $)",NY.GNP.PCAP.PP.CD,,,,,,,,,,,,,,,,,,,,,,,,,,,,,,,590,650,640,660,670,700,780,810,860,910,920,970,1000,1060,1110,1200,1290,1340,1400,1390,1460,1520,1580,1640,1620,1640,1810,1970,2100,2150,2110,,,2110.00
Bangladesh,BGD,2020,"GNI per capita, PPP (current international $)",NY.GNP.PCAP.PP.CD,,,,,,,,,,,,,,,,,,,,,,,,,,,,,,,860,910,960,1010,1050,1100,1150,1200,1250,1300,1370,1450,1510,1590,1690,1830,2010,2200,2380,2490,2640,2830,3190,3400,3590,3790,4070,4340,4750,5180,5390,,,5390.00
Bulgaria,BGR,2020,"GNI per capita, PPP (current international $)",NY.GNP.PCAP.PP.CD,,,,,,,,,,,,,,,,,,,,,,,,,,,,,,,6950,6480,6800,6910,7190,7560,6630,5570,6060,5730,6270,6970,7950,8550,9310,10320,11130,11870,13650,13730,14650,15250,16110,16280,17470,17820,19450,20990,22270,23810,24100,,,24100.00
Bahrain,BHR,2020,"GNI per capita, PPP (current international $)",NY.GNP.PCAP.PP.CD,,,,,,,,,,,,,,,,,,,,,,,,,,,,,,,28270,31290,32170,34670,34240,36660,38090,37590,39050,39240,41140,40590,39640,40950,42250,44230,45240,46880,46130,41630,42550,41180,49020,49600,48600,43030,42280,45030,44900,44470,40660,,,40660.00
Bahamas,BHS,2020,"GNI per capita, PPP (current international $)",NY.GNP.PCAP.PP.CD,,,,,,,,,,,,,,,,,,,,,,,,,,,,,,,20830,20220,19860,19850,20540,23700,26020,24300,23050,26250,27550,28270,29110,28860,29410,30690,31710,32400,32190,30300,30460,30940,31380,30750,31950,32530,32750,34330,34980,36180,30790,,,30790.00
Bosnia and Herzegovina,BIH,2020,"GNI per capita, PPP (current international $)",NY.GNP.PCAP.PP.CD,,,,,,,,,,,,,,,,,,,,,,,,,,,,,,,,,,,800,1010,2080,2910,4220,4540,5030,5190,5530,5720,6500,6750,7640,8440,9360,9380,9500,10060,10380,11160,11530,12090,13090,13640,14830,15700,15460,,,15460.00
Belarus,BLR,2020,"GNI per capita, PPP (current international $)",NY.GNP.PCAP.PP.CD,,,,,,,,,,,,,,,,,,,,,,,,,,,,,,,5230,5170,4950,4650,4190,3850,4050,4600,5070,5350,5780,6230,6700,7380,8480,9660,10960,12210,13710,13750,15050,16380,17700,18330,18440,17330,16950,17670,18730,19500,19400,,,19400.00
Belize,BLZ,2020,"GNI per capita, PPP (current international $)",NY.GNP.PCAP.PP.CD,,,,,,,,,,,,,,,,,,,,,,,,,,,,,,,3270,3690,4130,4390,4360,4400,4380,4470,4460,4710,5210,5320,5530,5880,6030,6220,6550,6430,6630,6930,6800,7170,6700,6680,6600,6830,6790,6710,6830,6940,6230,,,6230.00
Bermuda,BMU,2020,"GNI per capita, PPP (current international $)",NY.GNP.PCAP.PP.CD,,,,,,,,,,,,,,,,,,,,,,,,,,,,,,,,,,,,,,,,,,,,,,,,,,,72180,71790,70450,72180,71390,74460,78530,85190,86090,86450,83180,,,83180.00
Bolivia,BOL,2020,"GNI per capita, PPP (current international $)",NY.GNP.PCAP.PP.CD,,,,,,,,,,,,,,,,,,,,,,,,,,,,,,,2250,2410,2480,2590,2730,2860,2980,3140,3280,3270,3350,3410,3490,3540,3690,3930,4180,4400,4710,4790,4930,5240,5570,6210,6690,6890,7360,8170,8650,8910,8180,,,8180.00
Brazil,BRA,2020,"GNI per capita, PPP (current international $)",NY.GNP.PCAP.PP.CD,,,,,,,,,,,,,,,,,,,,,,,,,,,,,,,6520,6720,6740,7080,7590,7970,8060,8310,8200,8160,8800,8960,9250,9420,10140,10670,11350,12280,12990,12980,13860,14650,14670,15370,15430,14470,13950,14250,14600,14980,14550,,,14550.00
Barbados,BRB,2020,"GNI per capita, PPP (current international $)",NY.GNP.PCAP.PP.CD,,,,,,,,,,,,,,,,,,,,,,,,,,,,,,,9360,9290,8970,9180,9510,9810,10310,11010,11500,11600,12310,12180,12390,12810,13400,14140,15120,16140,16310,15680,15730,15250,14740,14700,14540,14810,15220,15080,15320,15740,12790,,,12790.00
Brunei,BRN,2020,"GNI per capita, PPP (current international $)",NY.GNP.PCAP.PP.CD,,,,,,,,,,,,,,,,,,,,,,,,,,,,,,,55880,57910,60310,60210,61730,64150,65550,64190,63100,64530,66440,68350,70720,72760,73810,75210,79770,81430,80340,78680,79690,81680,86130,82860,81300,65690,60420,64620,62220,66460,67590,,,67590.00
Bhutan,BTN,2020,"GNI per capita, PPP (current international $)",NY.GNP.PCAP.PP.CD,,,,,,,,,,,,,,,,,,,,,,,,,,,,,,,1460,1450,1500,1600,1770,1820,1960,2120,2060,2140,2690,2920,3180,3400,3640,4000,4390,5230,5450,5730,6310,6830,7280,7430,8050,8820,9560,10170,10580,11250,10440,,,10440.00
Botswana,BWA,2020,"GNI per capita, PPP (current international $)",NY.GNP.PCAP.PP.CD,,,,,,,,,,,,,,,,,,,,,,,,,,,,,,,5310,5990,6210,6590,5990,6710,6730,7430,7800,7870,7930,8290,7800,8500,8690,9440,10420,11450,12130,11630,12190,13420,12890,13530,15800,14930,16840,16140,16670,16980,15490,,,15490.00
Central African Republic,CAF,2020,"GNI per capita, PPP (current international $)",NY.GNP.PCAP.PP.CD,,,,,,,,,,,,,,,,,,,,,,,,,,,,,,,630,630,590,580,600,640,610,640,660,690,660,700,720,680,720,740,780,830,840,910,960,1020,1110,750,730,800,860,960,1030,1060,1020,,,1020.00
Canada,CAN,2020,"GNI per capita, PPP (current international $)",NY.GNP.PCAP.PP.CD,,,,,,,,,,,,,,,,,,,,,,,,,,,,,,,,,,,,,,24480,25430,26900,28590,29380,30180,31550,33190,35580,37510,38990,39780,38200,39310,40880,41540,43620,45010,43990,45900,47700,49140,48670,46050,,,46050.00
Central Europe and the Baltics,CEB,2020,"GNI per capita, PPP (current international $)",NY.GNP.PCAP.PP.CD,,,,,,,,,,,,,,,,,,,,,,,,,,,,,,,,,6543.410241,6853.811362,7315.670804,7898.918177,8305.294266,8579.997314,8963.224656,9246.412764,9864.442261,10640.26521,11447.78446,12049.06081,13001.05809,13907.60103,15370.77739,16928.94283,19029.37786,19120.11893,20091.84162,21349.85803,22188.89169,23251.12572,24208.70826,25235.89818,26911.37322,28890.19973,30834.60547,32663.37503,32843.4907,,,32843.49
Switzerland,CHE,2020,"GNI per capita, PPP (current international $)",NY.GNP.PCAP.PP.CD,,,,,,,,,,,,,,,,,,,,,,,,,,,,,,,,,,,,31530,32310,34130,35450,36660,39100,39290,39750,41270,42720,45080,49790,51420,50560,54230,57860,58510,61140,63430,64210,66830,67820,68170,68800,69440,69170,,,69170.00
_Channel Islands,CHI,#N/A,"GNI per capita, PPP (current international $)",NY.GNP.PCAP.PP.CD,,,,,,,,,,,,,,,,,,,,,,,,,,,,,,,,,,,,,,,,,,,,,,,,,,,,,,,,,,,,,,,,#N/A
Chile,CHL,2020,"GNI per capita, PPP (current international $)",NY.GNP.PCAP.PP.CD,,,,,,,,,,,,,,,,,,,,,,,,,,,,,,,4260,4690,5380,5900,6260,7060,7740,8360,8780,8700,9200,9630,9920,10180,10840,11640,13840,15050,15220,15060,16880,18890,20380,21300,21910,22010,22710,23460,24550,24480,24020,,,24020.00
China,CHN,2020,"GNI per capita, PPP (current international $)",NY.GNP.PCAP.PP.CD,,,,,,,,,,,,,,,,,,,,,,,,,,,,,,,980,1100,1260,1450,1660,1830,2030,2240,2410,2620,2890,3160,3500,3910,4410,5020,5830,6830,7620,8290,9210,10200,11140,11780,12500,12840,13420,14220,15430,16610,17090,,,17090.00
Cote d'Ivoire,CIV,2020,"GNI per capita, PPP (current international $)",NY.GNP.PCAP.PP.CD,,,,,,,,,,,,,,,,,,,,,,,,,,,,,,,2480,2510,2490,2450,2490,2640,1850,1970,2020,2050,1920,1890,1860,1800,1910,2120,2180,2220,2350,2410,2530,2310,2540,2700,4240,4550,4620,4690,4960,5290,5300,,,5300.00
Cameroon,CMR,2020,"GNI per capita, PPP (current international $)",NY.GNP.PCAP.PP.CD,,,,,,,,,,,,,,,,,,,,,,,,,,,,,,,1880,1780,1730,1590,1610,1640,1690,1750,1820,1890,1910,1970,2060,2200,2380,2440,2570,2650,2720,2770,2790,2860,2910,3070,3290,3350,3470,3600,3730,3820,3780,,,3780.00
Democratic Republic of Congo,COD,2020,"GNI per capita, PPP (current international $)",NY.GNP.PCAP.PP.CD,,,,,,,,,,,,,,,,,,,,,,,,,,,,,,,,,,,500,490,520,490,480,440,440,410,430,450,470,500,530,550,560,580,610,640,630,690,780,840,940,1030,1080,1110,1110,,,1110.00
Congo,COG,2020,"GNI per capita, PPP (current international $)",NY.GNP.PCAP.PP.CD,,,,,,,,,,,,,,,,,,,,,,,,,,,,,,,2930,3040,3220,2960,2930,2150,2190,2620,2810,2510,2710,2780,2930,2990,2870,3310,3980,3650,3990,4570,4970,4890,5990,5930,6020,4610,3690,3640,3430,3130,3060,,,3060.00
Colombia,COL,2020,"GNI per capita, PPP (current international $)",NY.GNP.PCAP.PP.CD,,,,,,,,,,,,,,,,,,,,,,,,,,,,,,,4810,5000,5230,5580,5970,6310,6420,6640,6660,6380,6550,6670,6830,7070,7540,8120,8800,9490,9830,9940,10340,11110,11560,12280,12910,13080,13660,13910,14660,15320,14640,,,14640.00
Comoros,COM,2020,"GNI per capita, PPP (current international $)",NY.GNP.PCAP.PP.CD,,,,,,,,,,,,,,,,,,,,,,,,,,,,,,,1580,1500,1640,1670,1570,1610,1580,1620,1620,1630,1800,1840,1860,1890,1930,2000,2070,2100,2160,2190,2250,2340,2510,2640,2720,2720,2880,3050,3140,3130,3130,,,3130.00
Cabo Verde,CPV,2020,"GNI per capita, PPP (current international $)",NY.GNP.PCAP.PP.CD,,,,,,,,,,,,,,,,,,,,,,,,,,,,,,,1070,1090,1210,1300,1540,1740,1920,2130,2360,2600,2960,3080,3200,3360,3740,4010,4380,5210,5560,5470,5440,5730,5570,5590,5460,5770,6100,6410,6860,7310,6220,,,6220.00
Costa Rica,CRI,2020,"GNI per capita, PPP (current international $)",NY.GNP.PCAP.PP.CD,,,,,,,,,,,,,,,,,,,,,,,,,,,,,,,4800,5040,5500,5890,6210,6410,6490,6800,7130,7250,7480,7770,8030,8400,8910,9470,10410,11460,12150,11820,12450,13090,13870,14460,15400,16360,18270,19280,20170,21150,20860,,,20860.00
Caribbean small states,CSS,2020,"GNI per capita, PPP (current international $)",NY.GNP.PCAP.PP.CD,,,,,,,,,,,,,,,,,,,,,,,,,,,,,,,5727.802336,5957.057015,6310.54033,6741.974579,6934.9568,7359.430826,7793.7325,8044.089293,8214.667039,8646.847427,9036.964086,9349.74395,9817.411728,10542.35807,11343.90504,11964.59968,13148.46865,13973.34924,14433.28378,13873.62374,14222.82455,14183.55373,14393.27353,14784.08085,14850.71013,14818.49037,14662.08304,15299.63862,15631.49848,16098.89267,14781.4995,,,14781.50
_Cuba,CUB,#N/A,"GNI per capita, PPP (current international $)",NY.GNP.PCAP.PP.CD,,,,,,,,,,,,,,,,,,,,,,,,,,,,,,,,,,,,,,,,,,,,,,,,,,,,,,,,,,,,,,,,#N/A
Curacao,CUW,2020,"GNI per capita, PPP (current international $)",NY.GNP.PCAP.PP.CD,,,,,,,,,,,,,,,,,,,,,,,,,,,,,,,,,,,,,,,,,,,,,,25350,25930,26750,26940,26440,26790,27100,26490,26300,25930,25820,25430,26370,26520,26620,22220,,,22220.00
Cayman Islands,CYM,2020,"GNI per capita, PPP (current international $)",NY.GNP.PCAP.PP.CD,,,,,,,,,,,,,,,,,,,,,,,,,,,,,,,,,,,,,,,,,,,,,,,,,,,59910,61850,42510,37500,36380,38100,40050,46720,51280,58100,54150,,,54150.00
Cyprus,CYP,2020,"GNI per capita, PPP (current international $)",NY.GNP.PCAP.PP.CD,,,,,,,,,,,,,,,,,,,,,,,,,,,,,,,13260,13460,14650,14760,15620,16220,16480,16810,19320,18530,19460,21230,22340,23290,24480,26320,28350,30770,34260,33790,32950,34190,31610,30020,29280,31610,34300,37160,39100,40340,37030,,,37030.00
Czechia,CZE,2020,"GNI per capita, PPP (current international $)",NY.GNP.PCAP.PP.CD,,,,,,,,,,,,,,,,,,,,,,,,,,,,,,,,,11770,12130,12740,13740,14470,14600,14760,15110,15920,17120,17600,18880,19940,21070,22430,24590,26270,25840,25790,26660,27370,28860,30270,31570,33660,36630,38880,40260,40160,,,40160.00
Germany,DEU,2020,"GNI per capita, PPP (current international $)",NY.GNP.PCAP.PP.CD,,,,,,,,,,,,,,,,,,,,,,,,,,,,,,,19660,21060,21770,21900,22780,23520,24080,24530,25200,26110,27050,28170,28870,29600,31520,32060,34740,36810,38160,37650,39730,43630,44400,46040,47950,48690,51830,54340,57010,57460,56370,,,56370.00
Djibouti,DJI,2020,"GNI per capita, PPP (current international $)",NY.GNP.PCAP.PP.CD,,,,,,,,,,,,,,,,,,,,,,,,,,,,,,,,,,,,,,,,,,,,,,,,,,,,,,4050,4240,4520,4550,4660,5090,5610,5610,,,5610.00
Dominica,DMA,2020,"GNI per capita, PPP (current international $)",NY.GNP.PCAP.PP.CD,,,,,,,,,,,,,,,,,,,,,,,,,,,,,,,4190,4340,4540,4760,4760,4970,5140,5420,5780,5720,5750,6160,6000,6510,6780,7100,7980,8630,9490,9570,9830,9980,9750,9750,11650,10700,11600,11060,11830,12680,11150,,,11150.00
Denmark,DNK,2020,"GNI per capita, PPP (current international $)",NY.GNP.PCAP.PP.CD,,,,,,,,,,,,,,,,,,,,,,,,,,,,,,,17610,18380,19200,19720,21200,22270,23270,24480,25450,26370,28010,29000,30260,30540,32980,34430,37790,39200,41740,40730,43710,45340,45820,48210,49640,50550,53250,56570,59080,60400,62260,,,62260.00
Dominican Republic,DOM,2020,"GNI per capita, PPP (current international $)",NY.GNP.PCAP.PP.CD,,,,,,,,,,,,,,,,,,,,,,,,,,,,,,,3540,3620,4030,4280,4440,4710,5030,5490,5820,6140,6480,6680,6990,6760,6910,7920,8830,9600,10110,10160,11000,11410,11430,11890,12820,14130,15420,15940,17350,18310,17060,,,17060.00
Algeria,DZA,2020,"GNI per capita, PPP (current international $)",NY.GNP.PCAP.PP.CD,,,,,,,,,,,,,,,,,,,,,,,,,,,,,,,6660,6500,6690,6630,6530,6710,6970,7120,7490,7690,8030,8520,8930,9650,10140,10840,11320,12140,12540,12590,13060,13360,13130,12800,12700,11700,11510,11560,11610,11720,11090,,,11090.00
East Asia & Pacific (excluding high income),EAP,2020,"GNI per capita, PPP (current international $)",NY.GNP.PCAP.PP.CD,,,,,,,,,,,,,,,,,,,,,,,,,,,,,,,1415.892695,1553.565761,1727.604736,1931.959467,2158.252891,2365.759518,2591.359472,2784.254708,2794.790971,2963.278177,3222.141667,3484.757333,3789.643779,4158.450336,4610.319699,5143.793026,5838.779239,6677.606821,7339.034122,7848.985841,8627.054503,9437.459244,10259.88129,10784.29687,11357.88861,11622.95093,12129.64497,12821.66437,13847.67555,14833.59855,15028.23871,,,15028.24
Early-demographic dividend,EAR,2020,"GNI per capita, PPP (current international $)",NY.GNP.PCAP.PP.CD,,,,,,,,,,,,,,,,,,,,,,,,,,,,,,,2861.447273,3039.690283,3178.186382,3275.358465,3374.53526,3495.157065,3686.77587,3843.322221,3809.053384,3878.448911,4068.195474,4180.909327,4257.286583,4491.37363,4825.866383,5193.010791,5651.046655,6087.379356,6378.925777,6472.895468,6866.667512,7264.698812,7628.803068,7860.215925,8079.818604,8181.971299,8441.763567,8868.995595,9283.115367,9512.810451,9111.171393,,,9111.17
East Asia & Pacific,EAS,2020,"GNI per capita, PPP (current international $)",NY.GNP.PCAP.PP.CD,,,,,,,,,,,,,,,,,,,,,,,,,,,,,,,3218.088172,3461.719546,3685.350556,3930.075342,4220.674474,4516.529028,4838.613315,5096.904007,5079.629757,5307.135967,5712.216611,6023.614423,6400.313513,6824.183343,7409.74015,8039.83351,8865.395999,9826.123189,10465.04766,10812.00914,11731.71834,12593.95058,13451.75175,14102.55015,14684.08268,15053.96546,15533.09891,16274.79948,17323.94388,18277.25939,18454.13175,,,18454.13
Europe & Central Asia (excluding high income),ECA,2020,"GNI per capita, PPP (current international $)",NY.GNP.PCAP.PP.CD,,,,,,,,,,,,,,,,,,,,,,,,,,,,,,,6905.91945,6730.321989,6204.16586,6001.809114,5464.399453,5487.253661,5558.005799,5765.1759,5260.103329,5425.496674,6055.740042,6446.122291,6911.819669,7576.693642,8520.077028,9535.113241,11343.29501,12681.02338,14534.82982,14029.03831,15003.51644,16496.68497,17525.40434,18846.29453,19261.04074,19002.86871,19411.04763,20647.65071,22034.5711,22510.11924,22596.05295,,,22596.05
Europe & Central Asia,ECS,2020,"GNI per capita, PPP (current international $)",NY.GNP.PCAP.PP.CD,,,,,,,,,,,,,,,,,,,,,,,,,,,,,,,11796.76449,12115.49471,12175.75027,12277.52689,12494.07086,12861.64947,13309.91641,13903.65463,14178.28149,14741.29361,15883.95567,16666.66724,17438.34607,18112.17689,19264.14273,20317.06913,22463.99342,23974.78351,25500.19043,24909.70573,26010.40988,27536.91583,28311.85679,29587.33032,30293.65682,30706.22988,32118.62371,33828.0889,35520.33088,36455.78688,35593.26473,,,35593.26
Ecuador,ECU,2020,"GNI per capita, PPP (current international $)",NY.GNP.PCAP.PP.CD,,,,,,,,,,,,,,,,,,,,,,,,,,,,,,,4440,4750,4920,5060,5290,5420,5480,5720,5820,5370,5450,5790,6050,6210,6760,7270,7720,7960,8630,8640,8960,9710,10150,10980,11530,10860,10820,11350,11510,11500,10580,,,10580.00
Egypt,EGY,2020,"GNI per capita, PPP (current international $)",NY.GNP.PCAP.PP.CD,,,,,,,,,,,,,,,,,,,,,,,,,,,,,,,3620,3820,3990,4110,4280,4490,4710,4950,5200,5460,5820,6080,6150,6330,6630,7010,7640,8290,8890,9140,9330,9440,10840,10930,10640,11310,11040,10800,11350,11820,12220,,,12220.00
Euro area,EMU,2020,"GNI per capita, PPP (current international $)",NY.GNP.PCAP.PP.CD,,,,,,,,,,,,,,,,,,,,,,,,,,,,,,,17049.22939,17973.91353,18545.27035,18802.84627,19575.67559,20456.32839,21113.81902,21952.49102,22941.82123,23885.28597,25352.93537,26449.38114,27385.77229,27848.89496,29063.71121,30091.37826,32631.51863,34405.22163,35548.49531,34882.92317,35886.35556,37602.40659,38048.36207,39265.89376,40177.02652,41100.49818,43711.95325,45834.4995,47917.83579,49168.79504,47302.88154,,,47302.88
Eritrea,ERI,2011,"GNI per capita, PPP (current international $)",NY.GNP.PCAP.PP.CD,,,,,,,,,,,,,,,,,,,,,,,,,,,,,,,,,810,950,1190,1270,1390,1540,1590,1600,1530,1630,1630,1540,1530,1560,1550,1570,1410,1450,1470,1610,,,,,,,,,,,,1610.00
Spain,ESP,2020,"GNI per capita, PPP (current international $)",NY.GNP.PCAP.PP.CD,,,,,,,,,,,,,,,,,,,,,,,,,,,,,,,13520,14300,14680,14860,15260,16150,16740,17700,18850,19770,21430,22630,24100,24840,25900,27230,30150,31670,32340,31480,31220,31310,31470,32220,33400,34900,37380,39540,40750,41790,37980,,,37980.00
Estonia,EST,2020,"GNI per capita, PPP (current international $)",NY.GNP.PCAP.PP.CD,,,,,,,,,,,,,,,,,,,,,,,,,,,,,,,,,,,,,,,,,9070,9810,11050,12370,13720,15870,18280,20470,21640,19970,20640,23530,25110,26980,28310,28750,30870,33040,35710,37500,37570,,,37570.00
Ethiopia,ETH,2020,"GNI per capita, PPP (current international $)",NY.GNP.PCAP.PP.CD,,,,,,,,,,,,,,,,,,,,,,,,,,,,,,,410,380,340,380,390,410,460,460,440,460,480,520,520,500,570,640,710,790,870,930,1020,1130,1210,1280,1510,1650,1870,2010,2140,2300,2410,,,2410.00
European Union,EUU,2020,"GNI per capita, PPP (current international $)",NY.GNP.PCAP.PP.CD,,,,,,,,,,,,,,,,,,,,,,,,,,,,,,,14726.06794,15412.86731,15886.27911,16150.91965,16880.25627,17712.13766,18326.91694,19040.40109,19899.51992,20732.68127,22052.68107,23084.76558,24025.4791,24551.36884,25751.51751,26749.48534,29107.15895,30873.96413,32267.13789,31768.55383,32826.22671,34456.14643,34992.58982,36187.76747,37122.68374,38110.46128,40539.20215,42671.89688,44737.85008,46141.33271,44806.3019,,,44806.30
Fragile and conflict affected situations,FCS,2020,"GNI per capita, PPP (current international $)",NY.GNP.PCAP.PP.CD,,,,,,,,,,,,,,,,,,,,,,,,,,,,,,,1682.042779,1763.004678,1837.554128,1881.164725,1875.768121,1920.08351,1996.552749,2112.373316,2224.398948,2278.674378,2386.650361,2494.222955,2475.979882,2368.891779,2714.764613,2892.338038,3212.123546,3443.926701,3661.835552,3726.092033,3866.390742,3828.460227,4110.349539,4237.564834,4336.29262,4111.419794,4105.736423,4243.039611,4347.269709,4480.333174,4223.576799,,,4223.58
Finland,FIN,2020,"GNI per capita, PPP (current international $)",NY.GNP.PCAP.PP.CD,,,,,,,,,,,,,,,,,,,,,,,,,,,,,,,17820,17070,16560,16650,17740,19000,19630,21470,23120,24520,26620,27790,28690,28880,31420,32190,34770,37950,40150,38440,39460,41070,41060,41660,42180,42920,45140,47590,49780,50630,51410,,,51410.00
Fiji,FJI,2020,"GNI per capita, PPP (current international $)",NY.GNP.PCAP.PP.CD,,,,,,,,,,,,,,,,,,,,,,,,,,,,,,,4050,4060,4340,4470,4660,4960,5270,5160,5150,5650,5950,6010,6400,6520,7040,7380,7280,7460,7590,7620,7670,8010,8510,9350,10820,11660,11940,12370,13260,13090,11340,,,11340.00
France,FRA,2020,"GNI per capita, PPP (current international $)",NY.GNP.PCAP.PP.CD,,,,,,,,,,,,,,,,,,,,,,,,,,,,,,,17700,18380,19020,19290,20060,20840,21530,22510,23660,24790,26500,27990,28820,28550,29460,31020,33120,34800,35860,35480,36730,38440,38500,40410,41010,41730,43830,45580,47660,50130,47730,,,47730.00
_Faroe Islands,FRO,#N/A,"GNI per capita, PPP (current international $)",NY.GNP.PCAP.PP.CD,,,,,,,,,,,,,,,,,,,,,,,,,,,,,,,,,,,,,,,,,,,,,,,,,,,,,,,,,,,,,,,,#N/A
Micronesia,FSM,2020,"GNI per capita, PPP (current international $)",NY.GNP.PCAP.PP.CD,,,,,,,,,,,,,,,,,,,,,,,,,,,,,,,,,,2360,2350,2420,2360,2180,2250,2380,2550,2660,2710,2800,2830,3010,3120,3190,3160,3340,3380,3530,3550,3540,3470,3980,3930,3960,3630,4020,3960,,,3960.00
Gabon,GAB,2020,"GNI per capita, PPP (current international $)",NY.GNP.PCAP.PP.CD,,,,,,,,,,,,,,,,,,,,,,,,,,,,,,,11180,11950,11200,11420,12110,12450,12810,13430,14000,12530,11850,12350,12710,12640,12120,13280,12470,12960,12500,12570,12890,13490,13820,13650,14570,13480,13180,14060,14100,14320,14300,,,14300.00
United Kingdom,GBR,2020,"GNI per capita, PPP (current international $)",NY.GNP.PCAP.PP.CD,,,,,,,,,,,,,,,,,,,,,,,,,,,,,,,17450,17830,18470,19320,20770,19980,21230,22710,23790,24380,26570,28000,29440,30740,32390,33180,34870,35520,36510,34940,36590,37510,38120,39400,40720,41890,43520,45770,46910,48760,45870,,,45870.00
Georgia,GEO,2020,"GNI per capita, PPP (current international $)",NY.GNP.PCAP.PP.CD,,,,,,,,,,,,,,,,,,,,,,,,,,,,,,,,,2580,1830,1700,1800,2160,2660,2890,3080,3140,3400,3660,4170,4610,5220,5980,6830,7100,6960,7430,8120,9720,10420,11420,11820,12260,12920,14030,14930,14050,,,14050.00
Ghana,GHA,2020,"GNI per capita, PPP (current international $)",NY.GNP.PCAP.PP.CD,,,,,,,,,,,,,,,,,,,,,,,,,,,,,,,1220,1290,1340,1390,1430,1480,1530,1580,1640,1690,1740,1810,1880,1960,2080,2220,2380,2490,2700,2780,2920,3270,3590,5150,5280,5050,4800,4860,5200,5540,5930,,,5930.00
_Gibraltar,GIB,#N/A,"GNI per capita, PPP (current international $)",NY.GNP.PCAP.PP.CD,,,,,,,,,,,,,,,,,,,,,,,,,,,,,,,,,,,,,,,,,,,,,,,,,,,,,,,,,,,,,,,,#N/A
Guinea,GIN,2020,"GNI per capita, PPP (current international $)",NY.GNP.PCAP.PP.CD,,,,,,,,,,,,,,,,,,,,,,,,,,,,,,,850,880,910,960,1000,1040,1070,1120,1140,1180,1200,1240,1320,1280,1320,1350,1460,1560,1620,1560,1640,1710,1770,1720,1750,1790,2040,2410,2470,2540,2580,,,2580.00
Gambia,GMB,2020,"GNI per capita, PPP (current international $)",NY.GNP.PCAP.PP.CD,,,,,,,,,,,,,,,,,,,,,,,,,,,,,,,1470,1530,1570,1600,1590,1600,1620,1650,1670,1740,1810,1900,1790,1920,2100,2050,2030,2090,2210,2300,2390,2170,2150,2080,1980,2020,2030,2030,2170,2280,2240,,,2240.00
Guinea-Bissau,GNB,2020,"GNI per capita, PPP (current international $)",NY.GNP.PCAP.PP.CD,,,,,,,,,,,,,,,,,,,,,,,,,,,,,,,990,1030,1050,1070,1110,1150,1280,1370,970,980,1040,1050,1060,1060,1090,1150,1190,1240,1260,1280,1330,1450,1360,1340,1430,1640,1790,1930,1880,2060,1980,,,1980.00
Equatorial Guinea,GNQ,2020,"GNI per capita, PPP (current international $)",NY.GNP.PCAP.PP.CD,,,,,,,,,,,,,,,,,,,,,,,,,,,,,,,690,700,940,1020,1020,1090,1750,4550,5020,6470,5890,6420,8230,7840,9850,14200,23340,26790,28460,24770,19350,22180,24910,23770,22910,18130,15850,16600,15980,14070,13340,,,13340.00
Greece,GRC,2020,"GNI per capita, PPP (current international $)",NY.GNP.PCAP.PP.CD,,,,,,,,,,,,,,,,,,,,,,,,,,,,,,,,,,,,,,,,,,,,,,,28020,28560,29940,29690,27300,24960,25120,25990,26800,26740,27380,28460,29290,30080,27830,,,27830.00
Grenada,GRD,2020,"GNI per capita, PPP (current international $)",NY.GNP.PCAP.PP.CD,,,,,,,,,,,,,,,,,,,,,,,,,,,,,,,4520,4830,4890,4810,4940,5040,5310,5630,6280,6760,7150,7010,7270,8110,8030,10070,9930,10650,10960,9950,10300,10660,10690,11470,11860,12490,13650,14470,15550,15880,15450,,,15450.00
_Greenland,GRL,#N/A,"GNI per capita, PPP (current international $)",NY.GNP.PCAP.PP.CD,,,,,,,,,,,,,,,,,,,,,,,,,,,,,,,,,,,,,,,,,,,,,,,,,,,,,,,,,,,,,,,,#N/A
Guatemala,GTM,2020,"GNI per capita, PPP (current international $)",NY.GNP.PCAP.PP.CD,,,,,,,,,,,,,,,,,,,,,,,,,,,,,,,3220,3420,3560,3710,3850,4020,4090,4250,4430,4550,4700,4840,4940,5050,5220,5440,5760,6150,6410,6350,6450,6720,7060,7270,7560,8000,8040,8150,8490,8850,8700,,,8700.00
_Guam,GUM,#N/A,"GNI per capita, PPP (current international $)",NY.GNP.PCAP.PP.CD,,,,,,,,,,,,,,,,,,,,,,,,,,,,,,,,,,,,,,,,,,,,,,,,,,,,,,,,,,,,,,,,#N/A
Guyana,GUY,2020,"GNI per capita, PPP (current international $)",NY.GNP.PCAP.PP.CD,,,,,,,,,,,,,,,,,,,,,,,,,,,,,,,2720,2820,3230,3700,4160,4480,5060,5440,5480,5710,5870,6120,6280,6400,6720,6830,7240,8190,8470,8850,9350,9960,10540,11100,11020,11260,11290,11980,12700,13510,16610,,,16610.00
High income,HIC,2020,"GNI per capita, PPP (current international $)",NY.GNP.PCAP.PP.CD,,,,,,,,,,,,,,,,,,,,,,,,,,,,,,,18355.26886,19183.62193,19953.68317,20533.10235,21520.45901,22410.79452,23444.35482,24553.08351,25449.78395,26468.01633,28204.67855,29131.90748,29972.99327,30985.77076,32762.82834,34408.19787,36779.70575,38371.35238,39140.65829,38148.50701,39770.7452,41547.46424,42836.60863,44182.16536,45426.87083,46100.36853,47282.03023,49270.93249,51272.8996,52558.68784,51195.33566,,,51195.34
Hong Kong,HKG,2020,"GNI per capita, PPP (current international $)",NY.GNP.PCAP.PP.CD,,,,,,,,,,,,,,,,,,,,,,,,,,,,,,,17750,19130,20590,22910,24180,24940,24890,26620,25630,26420,28480,29490,29820,31960,35250,38260,42680,46640,49530,47250,50230,53710,52990,54710,55910,57450,58660,62450,65500,65240,62500,,,62500.00
Honduras,HND,2020,"GNI per capita, PPP (current international $)",NY.GNP.PCAP.PP.CD,,,,,,,,,,,,,,,,,,,,,,,,,,,,,,,1930,1870,1960,2120,2110,2220,2240,2340,2400,2370,2510,2560,2620,2700,2850,3060,3280,3550,3700,3600,3600,3720,3750,3850,4090,4490,4790,5220,5360,5520,5050,,,5050.00
Heavily indebted poor countries (HIPC),HPC,2020,"GNI per capita, PPP (current international $)",NY.GNP.PCAP.PP.CD,,,,,,,,,,,,,,,,,,,,,,,,,,,,,,,1015.613705,1026.64522,1028.67867,1049.81209,1050.9822,1093.273331,1118.579446,1165.988963,1191.529626,1213.671164,1239.926501,1283.117067,1314.178207,1359.924139,1435.649121,1526.972285,1626.059813,1715.997943,1800.178103,1834.703617,1894.332304,1959.426792,1954.531803,2076.652082,2258.553732,2311.51238,2402.265775,2465.155304,2556.449445,2646.912171,2617.180496,,,2617.18
Croatia,HRV,2020,"GNI per capita, PPP (current international $)",NY.GNP.PCAP.PP.CD,,,,,,,,,,,,,,,,,,,,,,,,,,,,,,,,,,,,8060,8790,9540,9840,9750,10490,11410,12550,13230,14420,15070,17140,19040,20240,19400,19290,20340,20680,21640,21860,23160,24470,26760,28460,30090,28890,,,28890.00
Haiti,HTI,2020,"GNI per capita, PPP (current international $)",NY.GNP.PCAP.PP.CD,,,,,,,,,,,,,,,,,,,,,,,,,,,,,,,2140,2210,2100,1990,1760,1950,2030,2080,2110,2160,2190,2190,2210,2290,2280,2380,2470,2610,2690,2830,2660,2810,2770,2960,2980,2910,3090,3170,3250,3210,3100,,,3100.00
Hungary,HUN,2020,"GNI per capita, PPP (current international $)",NY.GNP.PCAP.PP.CD,,,,,,,,,,,,,,,,,,,,,,,,,,,,,,,,,,8210,8610,8790,8930,9230,9750,10170,11160,12440,13700,14610,15280,16040,17250,17650,19360,19830,20730,21920,22290,23840,24540,25520,27190,28310,30660,32630,32190,,,32190.00
IBRD only,IBD,2020,"GNI per capita, PPP (current international $)",NY.GNP.PCAP.PP.CD,,,,,,,,,,,,,,,,,,,,,,,,,,,,,,,2851.611483,2971.456756,3058.534329,3190.282212,3322.470972,3484.214114,3687.734768,3888.696695,3909.272926,4059.944996,4354.975727,4576.594561,4806.713766,5124.384605,5611.864995,6131.004043,6871.858864,7624.256352,8244.7584,8476.173875,9125.828353,9811.510021,10430.37631,10892.19027,11245.16532,11329.71869,11710.49134,12339.76672,13112.29556,13707.26676,13500.0384,,,13500.04
IDA & IBRD total,IBT,2020,"GNI per capita, PPP (current international $)",NY.GNP.PCAP.PP.CD,,,,,,,,,,,,,,,,,,,,,,,,,,,,,,,2539.842845,2640.027537,2713.158555,2816.990619,2922.230692,3056.56055,3223.705895,3386.837127,3404.078166,3526.906054,3762.184071,3946.268238,4134.740475,4393.001076,4793.824155,5218.751376,5822.764053,6424.839659,6916.625637,7096.250135,7605.909415,8140.785664,8615.235174,8985.478489,9281.429268,9345.393206,9631.811394,10108.96949,10703.49872,11154.65398,10964.05127,,,10964.05
IDA total,IDA,2020,"GNI per capita, PPP (current international $)",NY.GNP.PCAP.PP.CD,,,,,,,,,,,,,,,,,,,,,,,,,,,,,,,1245.404107,1278.571752,1311.635416,1319.392015,1334.846433,1380.835456,1426.969114,1466.338454,1494.279143,1535.732149,1574.23723,1649.643053,1717.978296,1796.22675,1926.716216,2062.681098,2240.055858,2381.773595,2498.032961,2565.938813,2681.526075,2795.941555,2877.437831,3028.968427,3222.123718,3299.952219,3380.28016,3486.861848,3650.817648,3787.777333,3754.793633,,,3754.79
IDA blend,IDB,2020,"GNI per capita, PPP (current international $)",NY.GNP.PCAP.PP.CD,,,,,,,,,,,,,,,,,,,,,,,,,,,,,,,1907.366653,1968.480159,2043.975847,2013.2366,2038.893422,2088.317506,2170.858257,2198.750273,2219.503338,2276.605323,2301.219761,2418.940913,2544.971495,2664.011331,2881.412565,3080.663417,3365.423137,3541.708149,3673.980617,3759.577692,3923.746139,4093.143999,4177.150474,4332.758473,4564.738511,4638.539271,4651.260693,4749.66632,4920.882883,5015.589308,4893.725623,,,4893.73
Indonesia,IDN,2020,"GNI per capita, PPP (current international $)",NY.GNP.PCAP.PP.CD,,,,,,,,,,,,,,,,,,,,,,,,,,,,,,,2930,3190,3410,3700,4040,4390,4760,4980,4200,4140,4430,4770,5040,5260,5550,5950,6420,6930,7440,7740,8280,8840,9440,9770,9930,9910,10160,10590,11300,11940,11750,,,11750.00
IDA only,IDX,2020,"GNI per capita, PPP (current international $)",NY.GNP.PCAP.PP.CD,,,,,,,,,,,,,,,,,,,,,,,,,,,,,,,911.3062206,930.1889362,941.9383878,971.5916049,982.1792465,1027.315134,1054.848715,1100.44909,1132.14872,1165.725807,1212.029609,1266.453217,1305.865645,1364.298941,1451.464849,1556.341334,1679.865225,1805.000453,1913.758431,1972.432787,2062.577769,2148.105599,2227.535753,2376.386776,2550.068423,2629.921855,2746.278325,2858.053725,3019.901255,3180.833506,3194.770634,,,3194.77
_Isle of Man,IMN,#N/A,"GNI per capita, PPP (current international $)",NY.GNP.PCAP.PP.CD,,,,,,,,,,,,,,,,,,,,,,,,,,,,,,,,,,,,,,,,,,,,,,,,,,,,,,,,,,,,,,,,#N/A
India,IND,2020,"GNI per capita, PPP (current international $)",NY.GNP.PCAP.PP.CD,,,,,,,,,,,,,,,,,,,,,,,,,,,,,,,1190,1210,1280,1350,1440,1560,1670,1740,1840,1990,2070,2190,2270,2450,2680,2930,3210,3510,3630,3890,4190,4450,4800,4990,5170,5400,5720,6120,6600,6930,6440,,,6440.00
_Not classified,INX,#N/A,"GNI per capita, PPP (current international $)",NY.GNP.PCAP.PP.CD,,,,,,,,,,,,,,,,,,,,,,,,,,,,,,,,,,,,,,,,,,,,,,,,,,,,,,,,,,,,,,,,#N/A
Ireland,IRL,2020,"GNI per capita, PPP (current international $)",NY.GNP.PCAP.PP.CD,,,,,,,,,,,,,,,,,,,,,,,,,,,,,,,12770,13440,13930,14630,15810,17320,18820,20450,22480,23590,26330,27820,29530,31280,33430,35050,38790,40440,38230,34640,36180,36590,37390,40340,43140,53060,58240,61730,65490,67820,71040,,,71040.00
Iran,IRN,2020,"GNI per capita, PPP (current international $)",NY.GNP.PCAP.PP.CD,,,,,,,,,,,,,,,,,,,,,,,,,,,,,,,7190,8190,8440,8590,8480,8730,9230,9330,9530,9670,10320,10510,11320,12360,13050,13720,14710,16190,16380,16430,17390,18010,16060,15380,15280,13620,14050,14560,13870,12920,13310,,,13310.00
Iraq,IRQ,2020,"GNI per capita, PPP (current international $)",NY.GNP.PCAP.PP.CD,,,,,,,,,,,,,,,,,,,,,,,,,,,,,,,,2640,3490,4570,4700,4750,5210,6150,8130,9370,10990,11080,9930,6350,9750,9070,10070,10580,12200,12460,12860,13500,15240,15470,13810,9680,9340,10450,10730,11340,9400,,,9400.00
Iceland,ISL,2020,"GNI per capita, PPP (current international $)",NY.GNP.PCAP.PP.CD,,,,,,,,,,,,,,,,,,,,,,,,,,,,,,,,,,,,23550,24540,26460,28150,28980,28670,30800,32660,32440,34360,35470,36340,38790,34050,33590,32170,34550,36690,42100,43500,46470,50990,53920,54290,57770,52030,,,52030.00
Israel,ISR,2020,"GNI per capita, PPP (current international $)",NY.GNP.PCAP.PP.CD,,,,,,,,,,,,,,,,,,,,,,,,,,,,,,,,,,,,19240,20160,20700,21330,21620,23400,23910,24310,22980,24500,24640,25600,27480,26980,26810,28310,30220,31030,33630,34160,35170,37500,38920,39880,39780,39090,,,39090.00
Italy,ITA,2020,"GNI per capita, PPP (current international $)",NY.GNP.PCAP.PP.CD,,,,,,,,,,,,,,,,,,,,,,,,,,,,,,,18400,19260,19810,20140,20980,22110,22830,23770,24880,25550,26970,27950,28610,29060,29510,30180,32580,34170,35200,34580,35080,36510,36440,36250,36200,36640,40040,41810,43510,44720,42420,,,42420.00
Jamaica,JAM,2020,"GNI per capita, PPP (current international $)",NY.GNP.PCAP.PP.CD,,,,,,,,,,,,,,,,,,,,,,,,,,,,,,,4300,4580,4860,5670,5640,5890,6090,6040,5900,5980,6110,6220,6300,6630,6880,7100,7550,7830,7960,7530,7600,7870,8080,8250,8360,8520,8810,9330,9590,9910,8940,,,8940.00
Jordan,JOR,2020,"GNI per capita, PPP (current international $)",NY.GNP.PCAP.PP.CD,,,,,,,,,,,,,,,,,,,,,,,,,,,,,,,4160,4000,4510,4620,4740,4990,5020,5230,5410,5560,6010,6380,6660,6950,7630,8260,8880,9480,9740,9780,9390,9320,9080,9230,9080,9360,9370,9950,10210,10500,10330,,,10330.00
Japan,JPN,2020,"GNI per capita, PPP (current international $)",NY.GNP.PCAP.PP.CD,,,,,,,,,,,,,,,,,,,,,,,,,,,,,,,20130,21420,22050,22390,23010,24060,25300,25960,25820,26050,27680,28380,29040,29870,31430,32880,34530,36090,36220,34390,36280,37270,38640,40760,41030,42510,42040,43040,43810,44260,43130,,,43130.00
Kazakhstan,KAZ,2020,"GNI per capita, PPP (current international $)",NY.GNP.PCAP.PP.CD,,,,,,,,,,,,,,,,,,,,,,,,,,,,,,,,,,6820,6160,5880,6090,6380,6440,6640,7250,8540,9620,10540,11650,12580,13910,15240,15360,16030,16710,17790,19050,21900,22190,21760,21490,22160,22940,24040,24410,,,24410.00
Kenya,KEN,2020,"GNI per capita, PPP (current international $)",NY.GNP.PCAP.PP.CD,,,,,,,,,,,,,,,,,,,,,,,,,,,,,,,1630,1650,1620,1600,1630,1710,1770,1770,1800,1810,1820,1870,1860,1900,2000,2140,2280,2430,2420,2140,2290,2440,2520,2740,2980,3320,3880,4130,4380,4570,4500,,,4500.00
Kyrgyzstan,KGZ,2020,"GNI per capita, PPP (current international $)",NY.GNP.PCAP.PP.CD,,,,,,,,,,,,,,,,,,,,,,,,,,,,,,,,2380,2080,1790,1440,1370,1470,1600,1610,1650,1750,1910,1930,2090,2230,2300,2460,2730,2910,2980,2890,2950,3530,3810,4100,4050,4440,4800,5100,5000,4760,,,4760.00
Cambodia,KHM,2020,"GNI per capita, PPP (current international $)",NY.GNP.PCAP.PP.CD,,,,,,,,,,,,,,,,,,,,,,,,,,,,,,,,,,,,780,810,840,860,950,1040,1120,1180,1290,1440,1640,1850,2080,2220,2200,2320,2490,2720,2920,3020,3180,3450,3680,3970,4310,4250,,,4250.00
Kiribati,KIR,2020,"GNI per capita, PPP (current international $)",NY.GNP.PCAP.PP.CD,,,,,,,,,,,,,,,,,,,,,,,,,,,,,,,1530,2050,2110,2060,2100,2230,1950,2360,2650,2400,2570,2710,2600,2500,2400,2470,2470,2570,2560,2410,2510,2430,2780,3160,3610,4340,3930,4280,4290,4860,4260,,,4260.00
St Kitts and Nevis,KNA,2020,"GNI per capita, PPP (current international $)",NY.GNP.PCAP.PP.CD,,,,,,,,,,,,,,,,,,,,,,,,,,,,,,,9150,9140,9530,10300,10960,11790,12420,13300,13050,13480,15080,15970,16170,15390,16520,18730,20000,20590,22070,21160,21250,21950,20850,21770,22180,22240,24390,25740,26940,28600,26190,,,26190.00
South Korea,KOR,2020,"GNI per capita, PPP (current international $)",NY.GNP.PCAP.PP.CD,,,,,,,,,,,,,,,,,,,,,,,,,,,,,,,8350,9470,10170,11020,12160,13450,14640,15640,14780,16620,18410,19590,21320,22020,23730,25010,26810,28990,29950,29460,31780,32750,33910,34460,35500,38020,39720,41120,43220,43370,45570,,,45570.00
Kuwait,KWT,2019,"GNI per capita, PPP (current international $)",NY.GNP.PCAP.PP.CD,,,,,,,,,,,,,,,,,,,,,,,,,,,,,,,,,,,,70640,70530,72520,72150,64330,66160,63800,62670,72850,83510,92860,100160,101360,96660,84620,80000,82740,87030,84000,76820,52460,49900,58770,58550,58930,,,,58930.00
Latin America & Caribbean (excluding high income),LAC,2020,"GNI per capita, PPP (current international $)",NY.GNP.PCAP.PP.CD,,,,,,,,,,,,,,,,,,,,,,,,,,,,,,,5883.366477,6193.76688,6396.766518,6580.494818,6995.875811,7053.135757,7307.351688,7688.388468,7797.966356,7798.042207,8215.648448,8301.420174,8371.094119,8627.086407,9152.407376,9690.959081,10562.07781,11322.5845,11943.44229,11774.04745,12513.90639,13358.6193,13622.78872,14121.8239,14429.41535,14247.82835,14440.33674,15028.24737,15364.46162,15550.09584,14661.50513,,,14661.51
Laos,LAO,2020,"GNI per capita, PPP (current international $)",NY.GNP.PCAP.PP.CD,,,,,,,,,,,,,,,,,,,,,,,,,,,,,,,1030,1070,1130,1190,1280,1370,1460,1520,1560,1700,1760,1870,1990,2070,2270,2510,2670,2970,3170,3440,3580,3870,4550,5000,5610,5890,6550,6870,7410,7730,7800,,,7800.00
Lebanon,LBN,2020,"GNI per capita, PPP (current international $)",NY.GNP.PCAP.PP.CD,,,,,,,,,,,,,,,,,,,,,,,,,,,,,,,4680,5810,6700,7060,7530,7950,8700,8750,8980,8970,9120,9110,8750,7670,9300,9860,10350,11870,13010,14010,14760,14580,14750,14880,14870,14940,15290,15980,15960,15000,11840,,,11840.00
Liberia,LBR,2020,"GNI per capita, PPP (current international $)",NY.GNP.PCAP.PP.CD,,,,,,,,,,,,,,,,,,,,,,,,,,,,,,,,,,,,,,,,,880,830,850,580,610,660,740,820,880,910,930,1040,1090,1260,1270,1200,1310,1420,1380,1370,1300,,,1300.00
Libya,LBY,2020,"GNI per capita, PPP (current international $)",NY.GNP.PCAP.PP.CD,,,,,,,,,,,,,,,,,,,,,,,,,,,,,,,,,,,,,,,,,,,17880,20410,20960,23840,26360,28240,29030,28690,29880,11500,23710,19740,14510,12740,11430,13690,15650,16270,11490,,,11490.00
St Lucia,LCA,2020,"GNI per capita, PPP (current international $)",NY.GNP.PCAP.PP.CD,,,,,,,,,,,,,,,,,,,,,,,,,,,,,,,6120,6250,6890,6940,7140,7290,7590,7550,7990,8250,8330,8030,8230,8600,9290,9450,11120,11360,12000,11810,12080,13090,12770,13180,12920,12410,13420,14130,14800,14990,11960,,,11960.00
Latin America & Caribbean,LCN,2020,"GNI per capita, PPP (current international $)",NY.GNP.PCAP.PP.CD,,,,,,,,,,,,,,,,,,,,,,,,,,,,,,,5968.298377,6315.355396,6547.092412,6737.599471,7115.871149,7222.682347,7479.084916,7881.713354,7998.288672,7980.243271,8401.691527,8512.996622,8527.128766,8733.839497,9338.287109,9934.639513,10877.93578,11695.86325,12304.70566,12101.50867,12807.40682,13654.3667,13946.76071,14458.22514,14774.96353,14613.6528,14842.17573,15448.18761,15828.79054,16031.82194,15150.17189,,,15150.17
Least developed countries: UN classification,LDC,2020,"GNI per capita, PPP (current international $)",NY.GNP.PCAP.PP.CD,,,,,,,,,,,,,,,,,,,,,,,,,,,,,,,870.5820161,900.2824144,878.3878517,909.612369,920.3575386,989.0715406,1038.032499,1089.227825,1118.303544,1145.587709,1197.545479,1255.032927,1306.844227,1366.540201,1457.022644,1568.32838,1701.239445,1842.902922,1956.327735,2025.305524,2117.137869,2203.096043,2282.846802,2389.668468,2538.459089,2594.283095,2708.142587,2816.548712,2955.607992,3099.079897,3095.396038,,,3095.40
_Low income,LIC,2020,"GNI per capita, PPP (current international $)",NY.GNP.PCAP.PP.CD,,,,,,,,,,,,,,,,,,,,,,,,,,,,,,,710.0654845,721.8170347,733.8917803,764.6655038,776.1155661,808.3538862,853.1427333,891.9661634,913.9661429,925.4344543,955.6652796,1001.62767,1024.920744,1061.032265,1122.802218,1196.348598,1277.960771,1361.000167,1419.710381,1445.392615,1505.490263,1522.230261,1475.594616,1531.360924,1665.246412,1730.215003,1842.249077,1886.176923,1945.660038,2014.465622,1992.441064,,,1992.44
Liechtenstein,LIE,#N/A,"GNI per capita, PPP (current international $)",NY.GNP.PCAP.PP.CD,,,,,,,,,,,,,,,,,,,,,,,,,,,,,,,,,,,,,,,,,,,,,,,,,,,,,,,,,,,,,,,,#N/A
Sri Lanka,LKA,2020,"GNI per capita, PPP (current international $)",NY.GNP.PCAP.PP.CD,,,,,,,,,,,,,,,,,,,,,,,,,,,,,,,2290,2450,2600,2820,2990,3180,3340,3600,3780,3970,4270,4270,4480,4820,5170,5610,6170,6730,7140,7470,8110,8920,10130,10600,11000,11270,11900,12250,12810,13230,12870,,,12870.00
Lower middle income,LMC,2020,"GNI per capita, PPP (current international $)",NY.GNP.PCAP.PP.CD,,,,,,,,,,,,,,,,,,,,,,,,,,,,,,,1992.044252,2066.286258,2118.36407,2160.143399,2220.588394,2334.394456,2462.902462,2548.845675,2559.951191,2658.91167,2775.685819,2922.291386,3056.696232,3254.958106,3500.789673,3769.175827,4091.818185,4432.902645,4629.115358,4795.685538,5089.638422,5360.590327,5655.626029,5862.178318,6025.986509,6128.725051,6349.950921,6650.55952,7040.136377,7325.587278,7053.884597,,,7053.88
Low & middle income,LMY,2020,"GNI per capita, PPP (current international $)",NY.GNP.PCAP.PP.CD,,,,,,,,,,,,,,,,,,,,,,,,,,,,,,,2457.668868,2553.994047,2621.584025,2721.534303,2823.485236,2949.109728,3110.969802,3265.610485,3277.858782,3402.266757,3632.536357,3812.742699,4003.867405,4266.194909,4655.39384,5070.485482,5657.900238,6244.981323,6726.810561,6911.436702,7414.517559,7937.811484,8406.649363,8770.321371,9062.102557,9118.488104,9395.10658,9860.731357,10442.29623,10883.80573,10693.49127,,,10693.49
Lesotho,LSO,2020,"GNI per capita, PPP (current international $)",NY.GNP.PCAP.PP.CD,,,,,,,,,,,,,,,,,,,,,,,,,,,,,,,1300,1350,1370,1360,1420,1430,1510,1550,1520,1560,1600,1920,1970,2090,2100,2130,2210,2640,2760,2670,2770,2740,2700,2940,3120,3440,3400,3030,3050,3060,2730,,,2730.00
Late-demographic dividend,LTE,2020,"GNI per capita, PPP (current international $)",NY.GNP.PCAP.PP.CD,,,,,,,,,,,,,,,,,,,,,,,,,,,,,,,2794.218768,2904.345903,2972.918423,3162.162364,3353.483647,3566.65376,3772.856517,3994.795241,4079.782147,4280.962157,4672.162227,4980.796461,5338.076613,5797.938627,6415.043022,7096.876568,8105.301123,9143.755774,10077.12727,10431.40897,11296.16188,12327.69938,13192.19739,13888.11169,14436.99643,14419.4323,14857.1671,15697.63778,16854.80035,17853.43196,18011.23999,,,18011.24
Lithuania,LTU,2020,"GNI per capita, PPP (current international $)",NY.GNP.PCAP.PP.CD,,,,,,,,,,,,,,,,,,,,,,,,,,,,,,,,,,,,5920,6320,6940,7590,7630,8290,9310,10370,11770,12730,14270,16150,18350,20070,18530,19970,22220,23930,26130,27850,27790,29820,32540,35250,37200,37760,,,37760.00
Luxembourg,LUX,2020,"GNI per capita, PPP (current international $)",NY.GNP.PCAP.PP.CD,,,,,,,,,,,,,,,,,,,,,,,,,,,,,,,29850,33330,34070,35180,35450,37330,38620,41050,41490,45980,48760,49990,49410,48740,58380,62650,63160,72360,71210,55400,61410,65490,74230,72410,76490,69410,75120,82300,82820,77680,83230,,,83230.00
Latvia,LVA,2020,"GNI per capita, PPP (current international $)",NY.GNP.PCAP.PP.CD,,,,,,,,,,,,,,,,,,,,,,,,,,,,,,,,,,,,5550,5840,6540,7110,7340,8030,9070,10100,11010,12030,13770,15460,17690,19320,18210,17880,19230,21140,22590,23850,24860,26680,28600,30380,31410,31470,,,31470.00
Macao,MAC,2019,"GNI per capita, PPP (current international $)",NY.GNP.PCAP.PP.CD,,,,,,,,,,,,,,,,,,,,,,,,,,,,,,,27370,28550,32370,33860,35200,35940,35050,34770,32620,30970,31980,35650,38330,41910,51380,55240,60400,76400,70570,71770,87830,103410,112800,127480,128420,103880,103590,112280,119940,117450,,,,117450.00
_St Martin,MAF,#N/A,"GNI per capita, PPP (current international $)",NY.GNP.PCAP.PP.CD,,,,,,,,,,,,,,,,,,,,,,,,,,,,,,,,,,,,,,,,,,,,,,,,,,,,,,,,,,,,,,,,#N/A
Morocco,MAR,2020,"GNI per capita, PPP (current international $)",NY.GNP.PCAP.PP.CD,,,,,,,,,,,,,,,,,,,,,,,,,,,,,,,2470,2690,2650,2630,2940,2790,3170,3130,3370,3410,3510,3810,3950,4220,4510,4770,5220,5500,5870,6020,6240,6600,6570,6820,6450,6890,6980,7170,7480,7710,7260,,,7260.00
_Monaco,MCO,#N/A,"GNI per capita, PPP (current international $)",NY.GNP.PCAP.PP.CD,,,,,,,,,,,,,,,,,,,,,,,,,,,,,,,,,,,,,,,,,,,,,,,,,,,,,,,,,,,,,,,,#N/A
Moldova,MDA,2020,"GNI per capita, PPP (current international $)",NY.GNP.PCAP.PP.CD,,,,,,,,,,,,,,,,,,,,,,,,,,,,,,,,,,,,,3160,3280,3050,3030,3240,3600,4040,4470,5030,5590,5950,6170,6830,6230,6860,7390,8050,9170,9590,9790,11200,12320,13270,14280,13510,,,13510.00
Madagascar,MDG,2020,"GNI per capita, PPP (current international $)",NY.GNP.PCAP.PP.CD,,,,,,,,,,,,,,,,,,,,,,,,,,,,,,,1160,1080,1100,1120,1100,1110,1130,1160,1180,1220,1270,1340,1150,1250,1320,1370,1440,1550,1640,1530,1510,1530,1490,1490,1520,1500,1550,1540,1590,1630,1500,,,1500.00
Maldives,MDV,2020,"GNI per capita, PPP (current international $)",NY.GNP.PCAP.PP.CD,,,,,,,,,,,,,,,,,,,,,,,,,,,,,,,,,,,,5870,6340,6830,7310,7720,8060,7880,8380,9350,9970,8700,11040,10410,11690,10800,11180,12100,12400,13140,14460,15410,16010,16630,17460,18310,12420,,,12420.00
Middle East & North Africa,MEA,2020,"GNI per capita, PPP (current international $)",NY.GNP.PCAP.PP.CD,,,,,,,,,,,,,,,,,,,,,,,,,,,,,,,7761.268115,8523.597873,8935.416786,9166.623027,9223.991976,9400.902901,9749.030276,10021.44303,10520.89158,10617.92041,11316.26139,11546.20737,11590.13459,12105.14489,13206.47687,13907.45515,14932.2187,15866.53452,16521.61338,16339.81348,16844.24705,17456.74659,18071.20049,17984.15418,17679.1972,15956.89371,15649.69052,16257.88631,16496.27028,16583.10515,15990.29268,,,15990.29
Mexico,MEX,2020,"GNI per capita, PPP (current international $)",NY.GNP.PCAP.PP.CD,,,,,,,,,,,,,,,,,,,,,,,,,,,,,,,7870,8370,8750,8360,8800,8170,8770,9470,9920,10220,10850,10930,10990,11280,11910,12390,13600,14060,14710,14300,15070,16260,16830,16870,17610,17830,18810,19210,19550,19290,17810,,,17810.00
Marshall Islands,MHL,2020,"GNI per capita, PPP (current international $)",NY.GNP.PCAP.PP.CD,,,,,,,,,,,,,,,,,,,,,,,,,,,,,,,,,,,,3420,2990,2880,3000,3070,3180,3400,3430,3380,3440,3680,3650,3880,3580,3770,3910,3950,3730,4070,4270,4710,4640,4770,4990,5190,5060,,,5060.00
Middle income,MIC,2020,"GNI per capita, PPP (current international $)",NY.GNP.PCAP.PP.CD,,,,,,,,,,,,,,,,,,,,,,,,,,,,,,,2587.213023,2691.222368,2764.814189,2872.215936,2983.178266,3118.397195,3291.91042,3458.269247,3472.443949,3608.735275,3858.638569,4053.915102,4263.369959,4549.785901,4972.92125,5424.386712,6064.255152,6705.375878,7235.065094,7443.370497,7998.241749,8580.323487,9109.699613,9514.451718,9834.194308,9901.512869,10208.2958,10731.31339,11383.47205,11882.05169,11689.74863,,,11689.75
North Macedonia,MKD,2020,"GNI per capita, PPP (current international $)",NY.GNP.PCAP.PP.CD,,,,,,,,,,,,,,,,,,,,,,,,,,,,,,,5460,5340,4990,4780,4840,4900,5020,5150,5370,5620,6040,6010,6320,6520,7130,7710,8660,8910,10390,10930,11200,11480,11660,12430,13180,13450,14540,15080,16090,16740,16280,,,16280.00
Mali,MLI,2020,"GNI per capita, PPP (current international $)",NY.GNP.PCAP.PP.CD,,,,,,,,,,,,,,,,,,,,,,,,,,,,,,,800,910,880,900,920,920,980,1020,1080,1130,1120,1240,1240,1370,1390,1480,1540,1580,1640,1650,1720,1760,1700,1750,1860,1990,2130,2170,2270,2330,2250,,,2250.00
Malta,MLT,2020,"GNI per capita, PPP (current international $)",NY.GNP.PCAP.PP.CD,,,,,,,,,,,,,,,,,,,,,,,,,,,,,,,9720,10260,10730,11250,11800,12680,13190,13960,14310,15340,17670,18620,19750,20850,21460,21630,22370,23810,26110,25250,27240,28290,28820,30690,32560,35390,36000,38300,40970,42430,38640,,,38640.00
Myanmar,MMR,2020,"GNI per capita, PPP (current international $)",NY.GNP.PCAP.PP.CD,,,,,,,,,,,,,,,,,,,,,,,,,,,,,,,360,360,410,460,500,540,590,630,670,730,810,880,950,1100,1280,1410,1680,1990,2260,2520,2830,3120,3420,3650,3850,3940,3900,4110,4440,4770,4980,,,4980.00
Middle East & North Africa (excluding high income),MNA,2020,"GNI per capita, PPP (current international $)",NY.GNP.PCAP.PP.CD,,,,,,,,,,,,,,,,,,,,,,,,,,,,,,,4514.574811,4864.901564,5093.84476,5243.618773,5301.379154,5434.523609,5738.146474,5936.762966,6316.125847,6561.838296,7033.229771,7264.762916,7440.884578,7574.783926,8256.79777,8638.268134,9288.552539,10024.97785,10471.39889,10599.32606,11015.2507,10930.32477,11246.21435,11117.96558,10760.27292,10094.5524,10083.38177,10358.80318,10478.72492,10499.3266,10177.64145,,,10177.64
Montenegro,MNE,2020,"GNI per capita, PPP (current international $)",NY.GNP.PCAP.PP.CD,,,,,,,,,,,,,,,,,,,,,,,,,,,,,,,,,,,,,,,,,6310,7110,7500,7770,8250,8410,10630,12600,14020,13050,13540,14590,14100,15160,15580,16690,18360,20090,21770,23330,20310,,,20310.00
Mongolia,MNG,2020,"GNI per capita, PPP (current international $)",NY.GNP.PCAP.PP.CD,,,,,,,,,,,,,,,,,,,,,,,,,,,,,,,3290,3100,2790,2700,2840,3070,3200,3350,3510,3640,3710,3880,4080,4390,4940,5310,5910,6540,7090,6860,6970,8180,9440,9950,10160,9760,9850,9770,11160,11570,11200,,,11200.00
_Northern Mariana Islands,MNP,#N/A,"GNI per capita, PPP (current international $)",NY.GNP.PCAP.PP.CD,,,,,,,,,,,,,,,,,,,,,,,,,,,,,,,,,,,,,,,,,,,,,,,,,,,,,,,,,,,,,,,,#N/A
Mozambique,MOZ,2020,"GNI per capita, PPP (current international $)",NY.GNP.PCAP.PP.CD,,,,,,,,,,,,,,,,,,,,,,,,,,,,,,,,300,270,300,310,310,350,390,420,470,460,510,510,590,640,670,710,780,830,890,930,1000,1030,1080,1130,1270,1330,1250,1290,1310,1250,,,1250.00
Mauritania,MRT,2020,"GNI per capita, PPP (current international $)",NY.GNP.PCAP.PP.CD,,,,,,,,,,,,,,,,,,,,,,,,,,,,,,,2550,2620,2660,2790,2690,2950,3250,3090,3140,3230,3070,2940,3100,3280,3420,3700,4210,4140,4120,4100,4040,4120,4140,4350,4130,4080,4610,5040,5290,5500,5320,,,5320.00
Mauritius,MUS,2020,"GNI per capita, PPP (current international $)",NY.GNP.PCAP.PP.CD,,,,,,,,,,,,,,,,,,,,,,,,,,,,,,,4900,5290,5700,6040,6290,6650,7040,7520,7970,8210,9000,9490,9720,10330,11030,11520,12500,13780,14600,14990,15560,16340,17570,19240,19920,20860,22390,23540,25460,26790,22380,,,22380.00
Malawi,MWI,2020,"GNI per capita, PPP (current international $)",NY.GNP.PCAP.PP.CD,,,,,,,,,,,,,,,,,,,,,,,,,,,,,,,660,720,680,760,690,820,880,910,930,940,960,910,910,960,1010,1050,1110,1220,1300,1370,1430,1490,1440,1540,1500,1410,1450,1440,1480,1560,1550,,,1550.00
Malaysia,MYS,2020,"GNI per capita, PPP (current international $)",NY.GNP.PCAP.PP.CD,,,,,,,,,,,,,,,,,,,,,,,,,,,,,,,6520,7130,7720,8520,9260,10150,11080,11710,10690,11050,11870,12030,12720,13600,14650,15730,17040,18390,19110,18810,19860,21190,22140,22690,23790,24130,24840,25910,27360,28850,27360,,,27360.00
North America,NAC,2020,"GNI per capita, PPP (current international $)",NY.GNP.PCAP.PP.CD,,,,,,,,,,,,,,,,,,,,,,,,,,,,,,,23099.21982,23545.83379,24516.73196,25322.65261,26638.92278,27812.71091,29204.65261,30810.25273,32362.72082,33961.95465,35998.32938,36895.06984,37618.39103,38956.88379,41198.61965,43675.75099,46199.01624,47390.03856,47554.97749,46158.018,48088.3492,49881.57283,51977.21941,53311.65973,55505.95336,56762.35962,57573.78522,59828.45603,62570.92283,64328.93524,62347.15421,,,62347.15
Namibia,NAM,2020,"GNI per capita, PPP (current international $)",NY.GNP.PCAP.PP.CD,,,,,,,,,,,,,,,,,,,,,,,,,,,,,,,3770,4170,4330,4250,4300,4570,4600,4760,4910,4920,5230,5280,5630,6080,6670,6750,7380,7670,7890,7810,8060,8590,8970,9710,10410,10620,10220,9990,9950,9980,9190,,,9190.00
_New Caledonia,NCL,#N/A,"GNI per capita, PPP (current international $)",NY.GNP.PCAP.PP.CD,,,,,,,,,,,,,,,,,,,,,,,,,,,,,,,,,,,,,,,,,,,,,,,,,,,,,,,,,,,,,,,,#N/A
Niger,NER,2020,"GNI per capita, PPP (current international $)",NY.GNP.PCAP.PP.CD,,,,,,,,,,,,,,,,,,,,,,,,,,,,,,,770,770,770,770,770,780,780,780,850,830,810,860,890,890,890,950,1000,1020,1070,1060,1120,1140,1200,1170,1190,1200,1190,1210,1290,1330,1230,,,1230.00
Nigeria,NGA,2020,"GNI per capita, PPP (current international $)",NY.GNP.PCAP.PP.CD,,,,,,,,,,,,,,,,,,,,,,,,,,,,,,,1940,1970,2030,1930,1920,1960,2040,2090,2090,2140,2090,2290,2590,2730,2990,3180,3610,3750,3970,4180,4450,4650,4740,4970,5320,5280,5120,5030,5040,5180,5000,,,5000.00
Nicaragua,NIC,2020,"GNI per capita, PPP (current international $)",NY.GNP.PCAP.PP.CD,,,,,,,,,,,,,,,,,,,,,,,,,,,,,,,1960,1790,1750,1770,1810,1990,2150,2270,2390,2550,2670,2750,2800,2890,3090,3310,3480,3720,3870,3710,3870,4150,4250,4390,4760,5090,5420,5690,5570,5470,5410,,,5410.00
Netherlands,NLD,2020,"GNI per capita, PPP (current international $)",NY.GNP.PCAP.PP.CD,,,,,,,,,,,,,,,,,,,,,,,,,,,,,,,19030,20080,20650,21410,22530,23790,24920,26270,27630,29670,32440,33020,34350,34510,36010,37110,41330,43920,45120,44120,45180,47250,48080,49910,49110,50330,51520,55510,58490,59250,58240,,,58240.00
Norway,NOR,2020,"GNI per capita, PPP (current international $)",NY.GNP.PCAP.PP.CD,,,,,,,,,,,,,,,,,,,,,,,,,,,,,,,17930,18950,20180,21080,22630,24050,26510,28310,27870,30290,36430,37780,38080,38810,42630,48320,54200,55760,61440,55680,58550,62670,65910,67670,67980,62880,61520,66400,72430,68830,65500,,,65500.00
Nepal,NPL,2020,"GNI per capita, PPP (current international $)",NY.GNP.PCAP.PP.CD,,,,,,,,,,,,,,,,,,,,,,,,,,,,,,,860,920,960,990,1060,1100,1150,1200,1220,1270,1360,1430,1430,1490,1580,1670,1770,1860,1990,2080,2190,2300,2520,2720,2990,3040,3030,3600,3890,4160,4060,,,4060.00
Nauru,NRU,2020,"GNI per capita, PPP (current international $)",NY.GNP.PCAP.PP.CD,,,,,,,,,,,,,,,,,,,,,,,,,,,,,,,,,,,,,,,,,,,,,,,,4930,5500,6310,7200,8150,9110,12350,15420,17990,18580,18170,18730,20740,20460,,,20460.00
New Zealand,NZL,2020,"GNI per capita, PPP (current international $)",NY.GNP.PCAP.PP.CD,,,,,,,,,,,,,,,,,,,,,,,,,,,,,,,14240,13590,13960,14820,15940,16790,17090,18000,18460,19350,20290,21370,22130,22830,23680,24020,25890,27270,27660,29420,29670,31220,31620,34810,35790,36240,38670,40700,41050,44300,43030,,,43030.00
OECD members,OED,2020,"GNI per capita, PPP (current international $)",NY.GNP.PCAP.PP.CD,,,,,,,,,,,,,,,,,,,,,,,,,,,,,,,16474.65955,17131.40414,17765.75222,18222.37821,19049.20287,19784.35872,20727.32191,21728.29402,22356.8332,23222.01606,24726.14962,25495.36907,26230.90549,26987.19844,28464.71363,29847.79837,31930.24827,33281.17966,33978.749,33126.93583,34570.1267,36103.90156,37215.99852,38464.33577,39672.90148,40710.35463,41967.75632,43639.53862,45321.66661,46269.54724,45007.39872,,,45007.40
Oman,OMN,2020,"GNI per capita, PPP (current international $)",NY.GNP.PCAP.PP.CD,,,,,,,,,,,,,,,,,,,,,,,,,,,,,,,25600,27100,28290,29420,30060,31520,32500,34810,36040,36420,39420,41370,40890,40490,41440,42000,44970,46790,48690,49110,41400,46940,48230,46440,42320,34780,32280,32000,31450,30330,28850,,,28850.00
Other small states,OSS,2020,"GNI per capita, PPP (current international $)",NY.GNP.PCAP.PP.CD,,,,,,,,,,,,,,,,,,,,,,,,,,,,,,,,,,,,,,,,,10569.19537,11182.66757,11667.25742,12262.3889,13164.68759,13928.25612,16295.62087,18107.61948,19517.16743,19242.44573,20547.21385,22518.75709,23966.05216,24478.46618,24390.16761,21171.06336,20724.04969,22162.46235,22548.66618,22924.26049,21582.3404,,,21582.34
Pakistan,PAK,2020,"GNI per capita, PPP (current international $)",NY.GNP.PCAP.PP.CD,,,,,,,,,,,,,,,,,,,,,,,,,,,,,,,1890,1990,2130,2150,2220,2310,2400,2390,2400,2470,2560,2630,2670,2830,3060,3290,3510,3680,3730,3770,3820,3940,3960,4040,4170,4300,4330,4500,4770,4800,4710,,,4710.00
Panama,PAN,2020,"GNI per capita, PPP (current international $)",NY.GNP.PCAP.PP.CD,,,,,,,,,,,,,,,,,,,,,,,,,,,,,,,4840,5240,5750,6190,6430,6380,6790,7120,7510,7660,7990,8040,8410,8420,9040,9780,10740,12300,13510,13640,13960,15990,17410,19480,20900,23700,25840,28610,29560,30570,25950,,,25950.00
Peru,PER,2020,"GNI per capita, PPP (current international $)",NY.GNP.PCAP.PP.CD,,,,,,,,,,,,,,,,,,,,,,,,,,,,,,,3150,3390,3370,3540,3970,4260,4430,4730,4730,4790,4930,5040,5310,5520,5780,6200,6680,7410,8250,8390,9020,9700,10090,10710,10990,11180,11520,11930,12430,12820,11520,,,11520.00
Philippines,PHL,2020,"GNI per capita, PPP (current international $)",NY.GNP.PCAP.PP.CD,,,,,,,,,,,,,,,,,,,,,,,,,,,,,,,2610,2650,2690,2760,2910,3040,3230,3430,3660,3730,3760,3890,4010,4200,4500,4800,5090,5460,5730,5880,6260,6500,6990,7390,7760,8010,8560,9020,9650,10220,9040,,,9040.00
Palau,PLW,2020,"GNI per capita, PPP (current international $)",NY.GNP.PCAP.PP.CD,,,,,,,,,,,,,,,,,,,,,,,,,,,,,,,,,,,,,,,,,11110,12000,12470,11860,12510,13590,14270,15460,15290,14200,14720,16200,16930,16710,17870,19390,19680,18910,19430,19130,16620,,,16620.00
Papua New Guinea,PNG,2020,"GNI per capita, PPP (current international $)",NY.GNP.PCAP.PP.CD,,,,,,,,,,,,,,,,,,,,,,,,,,,,,,,1400,1560,1710,2020,2160,2100,2200,2140,2020,2020,2000,1970,1970,1950,2050,2230,2250,2490,2520,2590,2820,2780,3040,3050,3700,3890,4100,4200,4180,4290,4240,,,4240.00
Poland,POL,2020,"GNI per capita, PPP (current international $)",NY.GNP.PCAP.PP.CD,,,,,,,,,,,,,,,,,,,,,,,,,,,,,,,5860,5720,5920,6310,6870,7570,8220,8870,9420,9980,10630,11080,11760,12170,12930,13650,14830,16230,17980,18660,20320,22010,22860,23740,24520,25880,27210,28820,30630,32410,33040,,,33040.00
Pre-demographic dividend,PRE,2020,"GNI per capita, PPP (current international $)",NY.GNP.PCAP.PP.CD,,,,,,,,,,,,,,,,,,,,,,,,,,,,,,,1380.301584,1410.161661,1412.30195,1438.61192,1441.491516,1509.626608,1563.591719,1663.867902,1772.672916,1851.11136,1928.027415,2013.269231,2068.10802,1979.023038,2248.063035,2343.448071,2574.511526,2708.54601,2879.997965,2938.904059,3053.522604,3165.722422,3260.665671,3379.917689,3522.530941,3354.499688,3371.691232,3435.83111,3492.752658,3592.588513,3416.761968,,,3416.76
Puerto Rico,PRI,2020,"GNI per capita, PPP (current international $)",NY.GNP.PCAP.PP.CD,,,,,,,,,,,,,,,,,,,,,,,,,,,,,,,9480,9950,10240,10820,11250,11830,12230,12970,13310,14430,15410,15840,16040,16470,18700,19180,19830,20690,20590,20160,20210,20840,21840,22320,22620,22900,23040,22940,23570,24470,23370,,,23370.00
_North Korea,PRK,#N/A,"GNI per capita, PPP (current international $)",NY.GNP.PCAP.PP.CD,,,,,,,,,,,,,,,,,,,,,,,,,,,,,,,,,,,,,,,,,,,,,,,,,,,,,,,,,,,,,,,,#N/A
Portugal,PRT,2020,"GNI per capita, PPP (current international $)",NY.GNP.PCAP.PP.CD,,,,,,,,,,,,,,,,,,,,,,,,,,,,,,,11770,12750,13260,13290,13610,14510,15010,15770,16640,17660,18570,19190,20050,20640,21210,22420,23980,24990,25770,25580,26390,26340,25810,27560,28150,28870,30840,32270,34080,35230,33640,,,33640.00
Paraguay,PRY,2020,"GNI per capita, PPP (current international $)",NY.GNP.PCAP.PP.CD,,,,,,,,,,,,,,,,,,,,,,,,,,,,,,,,,,,,6020,6420,6430,6380,6230,5820,5890,6040,5850,6260,6530,7180,8020,8690,8590,9520,10130,9580,10620,11040,11050,11560,12170,12700,12760,12680,,,12680.00
Palestine,PSE,2020,"GNI per capita, PPP (current international $)",NY.GNP.PCAP.PP.CD,,,,,,,,,,,,,,,,,,,,,,,,,,,,,,,,,,,2470,2600,2540,2870,3340,3570,3100,2710,2310,2610,3150,3590,3600,3800,4030,4200,4360,4780,5610,5810,6090,6680,7080,7250,7580,7660,6620,,,6620.00
Pacific island small states,PSS,2020,"GNI per capita, PPP (current international $)",NY.GNP.PCAP.PP.CD,,,,,,,,,,,,,,,,,,,,,,,,,,,,,,,2865.202154,2899.560258,3080.350299,3171.235502,3321.43336,3522.968508,3654.532833,3612.424651,3653.261653,3871.900577,3980.845414,4002.164009,4140.166186,4206.039229,4459.392011,4660.382575,4677.493987,4821.38766,4905.818127,4883.627609,4962.111984,5163.287356,5349.967289,5753.197887,6329.128489,6724.057005,6855.401579,7070.462881,7422.469973,7455.830504,6699.549505,,,6699.55
Post-demographic dividend,PST,2020,"GNI per capita, PPP (current international $)",NY.GNP.PCAP.PP.CD,,,,,,,,,,,,,,,,,,,,,,,,,,,,,,,17912.46604,18610.9178,19244.92945,19715.53443,20608.65833,21446.01773,22419.89018,23483.77766,24347.4931,25402.51428,27088.65775,28070.38038,28964.20266,29899.17483,31574.96425,33151.54155,35427.98327,36952.28607,37669.52758,36697.42642,38265.54221,39837.83946,41071.28325,42487.67407,43721.20817,44781.76959,46139.26718,48096.61139,50122.30393,51421.53891,50020.88717,,,50020.89
_French Polynesia,PYF,#N/A,"GNI per capita, PPP (current international $)",NY.GNP.PCAP.PP.CD,,,,,,,,,,,,,,,,,,,,,,,,,,,,,,,,,,,,,,,,,,,,,,,,,,,,,,,,,,,,,,,,#N/A
Qatar,QAT,2020,"GNI per capita, PPP (current international $)",NY.GNP.PCAP.PP.CD,,,,,,,,,,,,,,,,,,,,,,,,,,,,,,,,,,,,,,,,,89190,95060,98680,100940,105810,95760,114330,116350,117680,110640,118390,128340,132440,131020,123250,90920,82490,91500,91250,91430,88070,,,88070.00
Romania,ROU,2020,"GNI per capita, PPP (current international $)",NY.GNP.PCAP.PP.CD,,,,,,,,,,,,,,,,,,,,,,,,,,,,,,,5260,4800,4500,4670,4970,5390,5700,5510,5480,5530,5810,6480,7090,7380,8610,9320,11170,13010,16410,16420,16780,17670,18540,19490,20560,21380,23950,26760,28800,31410,31600,,,31600.00
Russia,RUS,2020,"GNI per capita, PPP (current international $)",NY.GNP.PCAP.PP.CD,,,,,,,,,,,,,,,,,,,,,,,,,,,,,,,8010,7840,6800,6350,5710,5570,5440,5580,5230,5680,6650,7260,7880,8970,10010,11540,14480,16280,19600,18760,19860,22130,23560,25170,24910,23420,23460,25230,28120,29020,29110,,,29110.00
Rwanda,RWA,2020,"GNI per capita, PPP (current international $)",NY.GNP.PCAP.PP.CD,,,,,,,,,,,,,,,,,,,,,,,,,,,,,,,550,570,660,660,350,500,550,600,610,600,630,670,750,770,830,930,1020,1100,1210,1270,1340,1440,1470,1520,1670,1770,1830,1910,2060,2240,2160,,,2160.00
South Asia,SAS,2020,"GNI per capita, PPP (current international $)",NY.GNP.PCAP.PP.CD,,,,,,,,,,,,,,,,,,,,,,,,,,,,,,,1230.806521,1267.073149,1341.431783,1403.731364,1489.359657,1594.181127,1701.399776,1761.837426,1843.611592,1979.296611,2061.649762,2163.650555,2240.666429,2406.960471,2616.961366,2854.570755,3116.62056,3387.741418,3507.363701,3724.840924,3984.147696,4223.549366,4542.639635,4722.50141,4897.184598,5104.512826,5375.617172,5727.573819,6169.481958,6462.295052,6094.633508,,,6094.63
Saudi Arabia,SAU,2020,"GNI per capita, PPP (current international $)",NY.GNP.PCAP.PP.CD,,,,,,,,,,,,,,,,,,,,,,,,,,,,,,,33290,37630,38520,38150,37690,38050,38360,38700,39860,38290,40070,39620,37930,41580,44900,47550,49050,50150,52960,50940,52220,56940,58220,56920,56940,49900,46590,48040,49210,49440,47790,,,47790.00
Sudan,SDN,2020,"GNI per capita, PPP (current international $)",NY.GNP.PCAP.PP.CD,,,,,,,,,,,,,,,,,,,,,,,,,,,,,,,1510,1530,1660,1780,1840,1950,2100,2330,2380,2400,2520,2700,2810,2960,3110,3310,3510,3730,3810,3700,3620,3930,3600,3590,4340,4330,4660,4410,4210,4080,3860,,,3860.00
Senegal,SEN,2020,"GNI per capita, PPP (current international $)",NY.GNP.PCAP.PP.CD,,,,,,,,,,,,,,,,,,,,,,,,,,,,,,,1510,1560,1580,1580,1560,1650,1690,1730,1810,1900,1970,2060,2030,2140,2250,2360,2430,2500,2580,2580,2630,2630,2690,2700,2780,2910,3000,3110,3300,3410,3420,,,3420.00
Singapore,SGP,2020,"GNI per capita, PPP (current international $)",NY.GNP.PCAP.PP.CD,,,,,,,,,,,,,,,,,,,,,,,,,,,,,,,23580,25150,27040,29430,33110,35360,36630,40100,38160,40460,43570,42850,44220,47460,51020,55400,62180,66820,65090,62720,74480,77300,78420,78530,81490,81040,83760,88090,88930,90320,86480,,,86480.00
Solomon Islands,SLB,2020,"GNI per capita, PPP (current international $)",NY.GNP.PCAP.PP.CD,,,,,,,,,,,,,,,,,,,,,,,,,,,,,,,1340,1410,1590,1670,1800,1960,1970,1930,1920,1850,1620,1500,1410,1500,1630,1730,1770,1800,1850,1880,2060,2160,2240,2460,2430,2400,2470,2610,2730,2740,2680,,,2680.00
Sierra Leone,SLE,2020,"GNI per capita, PPP (current international $)",NY.GNP.PCAP.PP.CD,,,,,,,,,,,,,,,,,,,,,,,,,,,,,,,690,750,600,660,620,630,670,640,630,630,670,620,770,820,860,890,930,1070,1150,1180,1150,1190,1450,1740,1750,1570,1420,1590,1580,1750,1690,,,1690.00
El Salvador,SLV,2020,"GNI per capita, PPP (current international $)",NY.GNP.PCAP.PP.CD,,,,,,,,,,,,,,,,,,,,,,,,,,,,,,,2850,2950,3210,3440,3640,3860,3910,4050,4170,4240,4370,4480,4570,4670,4810,5070,5460,5690,5930,5770,5950,6270,6270,6570,6900,7240,7620,7980,8320,8690,7970,,,7970.00
_San Marino,SMR,#N/A,"GNI per capita, PPP (current international $)",NY.GNP.PCAP.PP.CD,,,,,,,,,,,,,,,,,,,,,,,,,,,,,,,,,,,,,,,,,,,,,,,,,,,,,,,,,,,,,,,,#N/A
Somalia,SOM,2020,"GNI per capita, PPP (current international $)",NY.GNP.PCAP.PP.CD,,,,,,,,,,,,,,,,,,,,,,,,,,,,,,,,,,,,,,,,,,,,,,,,,,,,,,810,930,1080,1130,1070,1150,1230,1240,,,1240.00
Serbia,SRB,2020,"GNI per capita, PPP (current international $)",NY.GNP.PCAP.PP.CD,,,,,,,,,,,,,,,,,,,,,,,,,,,,,,,,,,,,,,5720,6000,5530,6020,6490,7200,7600,8420,9070,10080,10890,12280,12350,12530,13220,13480,14060,14100,14240,14990,15540,16820,17810,18510,,,18510.00
Sub-Saharan Africa (excluding high income),SSA,2020,"GNI per capita, PPP (current international $)",NY.GNP.PCAP.PP.CD,,,,,,,,,,,,,,,,,,,,,,,,,,,,,,,1694.642314,1727.694951,1685.631459,1683.759887,1699.728625,1775.802801,1833.20348,1897.621463,1910.826532,1936.7771,1966.08077,2052.507446,2158.558964,2228.814717,2373.143882,2532.36941,2745.352823,2888.410208,3005.892102,3042.486152,3152.958741,3271.926338,3285.554221,3448.132623,3654.509019,3665.650226,3711.383895,3749.818411,3829.889006,3915.426889,3793.668821,,,3793.67
South Sudan,SSD,2015,"GNI per capita, PPP (current international $)",NY.GNP.PCAP.PP.CD,,,,,,,,,,,,,,,,,,,,,,,,,,,,,,,,,,,,,,,,,,,,,,,,,,,,1630,1460,1980,1280,1080,,,,,,,,1080.00
Sub-Saharan Africa,SSF,2020,"GNI per capita, PPP (current international $)",NY.GNP.PCAP.PP.CD,,,,,,,,,,,,,,,,,,,,,,,,,,,,,,,1695.585603,1728.686001,1686.729059,1684.936076,1700.904461,1776.908079,1834.370989,1898.952478,1912.242858,1938.193333,1967.495465,2053.91237,2159.833439,2230.046461,2374.435831,2533.796174,2746.923159,2890.003478,3007.393338,3043.966154,3154.527828,3273.514309,3287.195252,3449.825513,3656.278085,3667.427421,3713.235562,3751.778048,3832.015726,3917.524386,3795.431488,,,3795.43
Small states,SST,2020,"GNI per capita, PPP (current international $)",NY.GNP.PCAP.PP.CD,,,,,,,,,,,,,,,,,,,,,,,,,,,,,,,,,,,,,,,,,9794.619011,10307.34221,10770.35348,11364.17845,12208.37464,12912.55266,14888.2915,16403.69361,17554.43964,17260.16084,18318.85875,19805.77624,20958.69618,21466.6217,21473.29283,19097.71832,18755.92901,19987.97517,20378.56889,20765.16674,19475.59444,,,19475.59
Sao Tome and Principe,STP,2020,"GNI per capita, PPP (current international $)",NY.GNP.PCAP.PP.CD,,,,,,,,,,,,,,,,,,,,,,,,,,,,,,,,,,,,,,,,,,1770,1810,1950,2030,2200,2520,2620,2720,2730,2890,3010,2900,3350,3880,3820,3900,3940,4090,4160,4250,,,4250.00
Suriname,SUR,2020,"GNI per capita, PPP (current international $)",NY.GNP.PCAP.PP.CD,,,,,,,,,,,,,,,,,,,,,,,,,,,,,,,6590,6870,6930,6450,6730,6790,6860,7170,7340,7160,7340,7240,8020,8590,9430,10220,10980,11950,12630,12900,13230,13620,15170,16390,17030,17170,14310,16280,17570,17790,14030,,,14030.00
Slovakia,SVK,2020,"GNI per capita, PPP (current international $)",NY.GNP.PCAP.PP.CD,,,,,,,,,,,,,,,,,,,,,,,,,,,,,,,,,,,,8740,9490,10110,10640,10670,11330,12390,13280,13500,14640,16220,18390,20640,23320,22960,24770,25240,26440,27710,28600,29230,28860,29520,30790,31410,31000,,,31000.00
Slovenia,SVN,2020,"GNI per capita, PPP (current international $)",NY.GNP.PCAP.PP.CD,,,,,,,,,,,,,,,,,,,,,,,,,,,,,,,,,,,,13690,14340,15280,16030,17070,17960,18930,20060,20890,22440,23630,25400,26940,28830,27080,27460,28540,28590,29570,30590,30650,33080,35850,38380,40060,39420,,,39420.00
Sweden,SWE,2020,"GNI per capita, PPP (current international $)",NY.GNP.PCAP.PP.CD,,,,,,,,,,,,,,,,,,,,,,,,,,,,,,,19910,20080,19930,19750,21160,22450,23290,24160,25330,27430,29640,29950,31010,32350,34050,34710,38710,42130,43610,41220,43370,45520,46470,47350,48180,49500,50720,52850,54530,56190,56740,,,56740.00
Eswatini,SWZ,2020,"GNI per capita, PPP (current international $)",NY.GNP.PCAP.PP.CD,,,,,,,,,,,,,,,,,,,,,,,,,,,,,,,3700,3820,3940,3950,3860,4290,4590,4720,4620,4850,4810,5160,5110,5280,5710,6560,6770,7270,7320,7300,7380,7570,7730,8330,8430,8470,8240,7840,8130,8110,7980,,,7980.00
Sint Maarten,SXM,2018,"GNI per capita, PPP (current international $)",NY.GNP.PCAP.PP.CD,,,,,,,,,,,,,,,,,,,,,,,,,,,,,,,,,,,,,,,,,,,,,,,,,,31440,32950,36500,32540,32590,38380,37920,38220,37080,35180,,,,,35180.00
Seychelles,SYC,2020,"GNI per capita, PPP (current international $)",NY.GNP.PCAP.PP.CD,,,,,,,,,,,,,,,,,,,,,,,,,,,,,,,8640,9120,10030,10660,10680,10330,10970,12460,13220,13320,13540,13840,12820,12930,13940,15590,17200,17880,17210,17380,18350,19500,20350,21200,22430,22610,23720,25220,27530,27700,24150,,,24150.00
_Syria,SYR,#N/A,"GNI per capita, PPP (current international $)",NY.GNP.PCAP.PP.CD,,,,,,,,,,,,,,,,,,,,,,,,,,,,,,,,,,,,,,,,,,,,,,,,,,,,,,,,,,,,,,,,#N/A
Turks and Caicos Islands,TCA,2019,"GNI per capita, PPP (current international $)",NY.GNP.PCAP.PP.CD,,,,,,,,,,,,,,,,,,,,,,,,,,,,,,,,,,,,,,,,,,,,,,,,,,,,,,,22070,24140,26420,26620,28010,29620,,,,29620.00
Chad,TCD,2020,"GNI per capita, PPP (current international $)",NY.GNP.PCAP.PP.CD,,,,,,,,,,,,,,,,,,,,,,,,,,,,,,,690,760,810,660,730,740,740,760,810,780,760,830,870,840,1120,1310,1300,1370,1350,1570,1760,1750,1690,1500,1600,1760,1630,1570,1590,1620,1470,,,1470.00
East Asia & Pacific (IDA & IBRD countries),TEA,2020,"GNI per capita, PPP (current international $)",NY.GNP.PCAP.PP.CD,,,,,,,,,,,,,,,,,,,,,,,,,,,,,,,1432.277557,1571.551031,1747.646483,1954.43001,2183.400203,2393.341343,2621.54634,2816.619956,2827.194223,2997.561213,3259.369988,3525.000854,3833.407732,4206.470227,4663.548725,5203.12434,5906.005019,6754.317087,7423.106388,7938.639835,8725.34058,9544.670181,10375.98563,10905.89417,11485.5379,11753.20818,12265.1762,12964.45195,14001.54724,14998.19225,15194.88438,,,15194.88
Europe & Central Asia (IDA & IBRD countries),TEC,2020,"GNI per capita, PPP (current international $)",NY.GNP.PCAP.PP.CD,,,,,,,,,,,,,,,,,,,,,,,,,,,,,,,6818.115247,6647.096586,6194.511297,6050.208131,5612.385381,5698.510889,5828.329319,6081.303027,5678.71007,5876.277155,6504.575953,6904.795297,7396.349886,8037.922765,8966.871485,9951.948379,11706.66526,13055.07327,14891.58821,14484.55024,15504.73808,17007.52413,18011.79557,19288.83805,19730.1455,19619.37175,20108.48454,21381.75969,22803.23125,23392.83975,23508.08132,,,23508.08
Togo,TGO,2020,"GNI per capita, PPP (current international $)",NY.GNP.PCAP.PP.CD,,,,,,,,,,,,,,,,,,,,,,,,,,,,,,,820,820,790,670,740,810,890,1000,970,960,950,960,990,1050,1040,990,1020,1010,1050,1090,1140,1280,1230,1280,1340,1440,1970,2010,2120,2220,2230,,,2230.00
Thailand,THA,2020,"GNI per capita, PPP (current international $)",NY.GNP.PCAP.PP.CD,,,,,,,,,,,,,,,,,,,,,,,,,,,,,,,4250,4710,5110,5650,6170,6730,7120,6930,6330,6700,7160,7430,7890,8500,9190,9800,10610,11470,11800,11760,12640,13190,14190,14420,14680,15010,15840,16640,17630,18530,17710,,,17710.00
Tajikistan,TJK,2020,"GNI per capita, PPP (current international $)",NY.GNP.PCAP.PP.CD,,,,,,,,,,,,,,,,,,,,,,,,,,,,,,,2640,2480,1770,1490,1010,1000,800,860,910,940,1000,1100,1240,1360,1540,1960,2250,2540,2780,2640,2880,3180,3510,3980,4090,3730,3600,3730,4050,4330,4500,,,4500.00
Turkmenistan,TKM,2019,"GNI per capita, PPP (current international $)",NY.GNP.PCAP.PP.CD,,,,,,,,,,,,,,,,,,,,,,,,,,,,,,,,,,4470,3740,3410,3630,3270,3460,4000,4120,4420,4450,4680,4980,5420,6190,7210,8100,8460,8990,10200,10920,11630,12280,12890,13500,13620,14560,15600,,,,15600.00
Latin America & the Caribbean (IDA & IBRD countries),TLA,2020,"GNI per capita, PPP (current international $)",NY.GNP.PCAP.PP.CD,,,,,,,,,,,,,,,,,,,,,,,,,,,,,,,5977.044951,6325.175202,6557.254707,6744.251054,7122.690164,7222.715437,7476.61416,7878.428964,7992.878075,7962.597383,8379.757416,8487.918611,8499.330907,8704.058332,9298.233134,9897.300585,10844.39504,11664.37731,12278.56428,12075.81432,12787.83153,13638.74499,13929.20077,14443.18333,14759.90535,14593.21921,14821.92464,15432.20623,15811.73916,16007.76727,15126.69698,,,15126.70
Timor-Leste,TLS,2020,"GNI per capita, PPP (current international $)",NY.GNP.PCAP.PP.CD,,,,,,,,,,,,,,,,,,,,,,,,,,,,,,,,,,,,,,,,,1760,1930,2190,1770,2040,2500,3790,5320,8240,6190,7310,9050,8730,7390,6270,5100,4230,4500,4530,5040,5190,,,5190.00
Middle East & North Africa (IDA & IBRD countries),TMN,2020,"GNI per capita, PPP (current international $)",NY.GNP.PCAP.PP.CD,,,,,,,,,,,,,,,,,,,,,,,,,,,,,,,4534.547341,4887.26334,5118.207699,5269.749636,5328.938864,5462.743884,5770.801087,5968.765918,6347.279531,6593.269936,7075.295492,7314.050578,7497.014365,7629.523258,8313.595644,8694.990305,9352.888238,10096.0115,10545.55657,10673.72788,11093.21156,11002.98053,11313.40667,11181.63087,10816.53367,10135.82614,10119.86235,10396.72919,10514.33757,10534.42999,10222.06041,,,10222.06
Tonga,TON,2020,"GNI per capita, PPP (current international $)",NY.GNP.PCAP.PP.CD,,,,,,,,,,,,,,,,,,,,,,,,,,,,,,,2280,2490,2530,2670,2960,3160,3280,3370,3540,3670,3700,3860,4150,4240,4250,4300,4480,4560,4840,4670,4760,5190,5380,5520,5680,5830,6230,6720,6960,7180,7260,,,7260.00
South Asia (IDA & IBRD),TSA,2020,"GNI per capita, PPP (current international $)",NY.GNP.PCAP.PP.CD,,,,,,,,,,,,,,,,,,,,,,,,,,,,,,,1230.806521,1267.073149,1341.431783,1403.731364,1489.359657,1594.181127,1701.399776,1761.837426,1843.611592,1979.296611,2061.649762,2163.650555,2240.666429,2406.960471,2616.961366,2854.570755,3116.62056,3387.741418,3507.363701,3724.840924,3984.147696,4223.549366,4542.639635,4722.50141,4897.184598,5104.512826,5375.617172,5727.573819,6169.481958,6462.295052,6094.633508,,,6094.63
Sub-Saharan Africa (IDA & IBRD countries),TSS,2020,"GNI per capita, PPP (current international $)",NY.GNP.PCAP.PP.CD,,,,,,,,,,,,,,,,,,,,,,,,,,,,,,,1695.585603,1728.686001,1686.729059,1684.936076,1700.904461,1776.908079,1834.370989,1898.952478,1912.242858,1938.193333,1967.495465,2053.91237,2159.833439,2230.046461,2374.435831,2533.796174,2746.923159,2890.003478,3007.393338,3043.966154,3154.527828,3273.514309,3287.195252,3449.825513,3656.278085,3667.427421,3713.235562,3751.778048,3832.015726,3917.524386,3795.431488,,,3795.43
Trinidad and Tobago,TTO,2020,"GNI per capita, PPP (current international $)",NY.GNP.PCAP.PP.CD,,,,,,,,,,,,,,,,,,,,,,,,,,,,,,,6500,6850,7670,7870,8160,8710,9310,10430,11510,12560,13430,14490,15950,18360,20910,22320,25850,27890,29280,27810,29040,27460,27390,28330,27850,26930,26030,26540,26120,26720,24790,,,24790.00
Tunisia,TUN,2020,"GNI per capita, PPP (current international $)",NY.GNP.PCAP.PP.CD,,,,,,,,,,,,,,,,,,,,,,,,,,,,,,,3670,3830,4110,4150,4320,4470,4780,5090,5350,5690,6000,6320,6460,6860,7410,7760,8380,9030,9460,9790,10160,10100,10300,10310,10650,10510,10700,10910,11290,11410,10550,,,10550.00
Turkey,TUR,2020,"GNI per capita, PPP (current international $)",NY.GNP.PCAP.PP.CD,,,,,,,,,,,,,,,,,,,,,,,,,,,,,,,8430,8640,9220,10040,9480,10250,11000,11830,9000,8650,9490,9050,9220,9530,10830,11880,13600,14850,16020,15410,17400,19630,20620,22240,23880,25460,26230,27550,27530,26410,26900,,,26900.00
Tuvalu,TUV,2020,"GNI per capita, PPP (current international $)",NY.GNP.PCAP.PP.CD,,,,,,,,,,,,,,,,,,,,,,,,,,,,,,,,,,,,,,,,,,4730,5840,4050,4460,4400,4410,5150,5120,5260,4690,4750,4050,5030,4420,5670,5640,5570,6080,6160,6430,,,6430.00
Tanzania,TZA,2020,"GNI per capita, PPP (current international $)",NY.GNP.PCAP.PP.CD,,,,,,,,,,,,,,,,,,,,,,,,,,,,,,,930,950,950,950,960,990,1040,1060,1090,1130,1180,1230,1320,1390,1490,1600,1730,1830,1920,1980,2050,2190,2070,2160,2210,2300,2420,2470,2620,2810,2760,,,2760.00
Uganda,UGA,2020,"GNI per capita, PPP (current international $)",NY.GNP.PCAP.PP.CD,,,,,,,,,,,,,,,,,,,,,,,,,,,,,,,670,700,710,770,810,900,970,1020,1050,1110,1130,1170,1260,1320,1400,1480,1640,1780,1910,1990,2050,2220,1970,1970,2040,2090,2060,2030,2110,2220,2260,,,2260.00
Ukraine,UKR,2020,"GNI per capita, PPP (current international $)",NY.GNP.PCAP.PP.CD,,,,,,,,,,,,,,,,,,,,,,,,,,,,,,,7800,7330,6590,5650,4540,4090,3780,3760,3740,3790,3990,4550,4920,5550,6440,6880,7620,8590,8940,7640,8240,8790,9600,10950,10620,10590,11260,12030,12760,13510,13390,,,13390.00
Upper middle income,UMC,2020,"GNI per capita, PPP (current international $)",NY.GNP.PCAP.PP.CD,,,,,,,,,,,,,,,,,,,,,,,,,,,,,,,3195.694967,3335.179417,3436.523058,3620.141336,3791.248831,3955.616974,4184.483983,4446.319153,4472.063442,4658.250633,5067.091093,5328.02436,5634.861438,6035.188488,6677.86252,7359.337762,8392.320286,9413.274165,10369.72751,10656.00885,11558.93652,12554.18702,13401.91932,14083.4582,14630.40284,14685.76647,15134.90018,15977.21218,17009.25548,17832.50158,17800.29301,,,17800.29
Uruguay,URY,2020,"GNI per capita, PPP (current international $)",NY.GNP.PCAP.PP.CD,,,,,,,,,,,,,,,,,,,,,,,,,,,,,,,6170,6640,7310,7640,8300,8310,8880,9800,10290,10250,10230,10030,9480,9290,10000,11250,12130,13250,14320,14960,16190,17390,16830,18110,18780,19290,21410,21730,22250,22850,21570,,,21570.00
United States,USA,2020,"GNI per capita, PPP (current international $)",NY.GNP.PCAP.PP.CD,,,,,,,,,,,,,,,,,,,,,,,,,,,,,,,23640,24100,25090,25910,27250,28450,29870,31500,33120,34730,36800,37710,38430,39760,42070,44550,47140,48300,48400,47030,49050,50870,53130,54380,56670,58180,58870,61190,64090,66120,64210,,,64210.00
Uzbekistan,UZB,2020,"GNI per capita, PPP (current international $)",NY.GNP.PCAP.PP.CD,,,,,,,,,,,,,,,,,,,,,,,,,,,,,,,,,2360,2320,2200,2190,2220,2310,2410,2520,2620,2750,2880,3030,3330,3640,3960,4590,5090,5300,5560,5950,6130,6410,6580,6790,6860,6970,7460,7750,7710,,,7710.00
St Vincent and the Grenadines,VCT,2020,"GNI per capita, PPP (current international $)",NY.GNP.PCAP.PP.CD,,,,,,,,,,,,,,,,,,,,,,,,,,,,,,,3660,3710,4010,4390,4380,4830,5030,5260,5530,5690,5920,6210,6700,7250,7680,8130,9130,9800,10150,10170,9960,10110,10400,10850,10850,11360,12370,12190,12740,12910,12740,,,12740.00
Venezuela,VEN,2011,"GNI per capita, PPP (current international $)",NY.GNP.PCAP.PP.CD,,,,,,,,,,,,,,,,,,,,,,,,,,,,,,,9440,10510,10950,11000,10700,11200,11160,11790,11740,11130,11610,11980,10750,9960,11830,13450,15140,16930,17760,16900,16530,17090,,,,,,,,,,,,17090.00
_Virgin Islands UK,VGB,#N/A,"GNI per capita, PPP (current international $)",NY.GNP.PCAP.PP.CD,,,,,,,,,,,,,,,,,,,,,,,,,,,,,,,,,,,,,,,,,,,,,,,,,,,,,,,,,,,,,,,,#N/A
_Virgin Islands US,VIR,#N/A,"GNI per capita, PPP (current international $)",NY.GNP.PCAP.PP.CD,,,,,,,,,,,,,,,,,,,,,,,,,,,,,,,,,,,,,,,,,,,,,,,,,,,,,,,,,,,,,,,,#N/A
Vietnam,VNM,2020,"GNI per capita, PPP (current international $)",NY.GNP.PCAP.PP.CD,,,,,,,,,,,,,,,,,,,,,,,,,,,,,,,860,930,1030,1120,1240,1390,1510,1630,1710,1810,1960,2110,2250,2420,2640,2910,3160,3420,3650,3780,4050,4330,4840,5130,5470,5720,6120,6610,7270,7840,8150,,,8150.00
Vanuatu,VUT,2020,"GNI per capita, PPP (current international $)",NY.GNP.PCAP.PP.CD,,,,,,,,,,,,,,,,,,,,,,,,,,,,,,,1670,1530,1520,1520,1620,1650,1740,1850,2030,2060,2120,2110,1930,1990,2060,2150,2400,2470,2710,2660,2670,2760,2660,2770,2920,2880,2980,3090,3260,3530,3320,,,3320.00
World,WLD,2020,"GNI per capita, PPP (current international $)",NY.GNP.PCAP.PP.CD,,,,,,,,,,,,,,,,,,,,,,,,,,,,,,,5484.103093,5697.531825,5868.046989,6032.764646,6269.467693,6514.053427,6806.398923,7106.732794,7247.511263,7498.80951,7965.893423,8249.264764,8520.43164,8880.620423,9487.287311,10090.48666,10960.15773,11696.8009,12205.22213,12162.00956,12818.44728,13509.78409,14078.17029,14567.04987,14979.31291,15101.01616,15488.73906,16159.74892,16927.70097,17460.64936,17050.8756,,,17050.88
Samoa,WSM,2020,"GNI per capita, PPP (current international $)",NY.GNP.PCAP.PP.CD,,,,,,,,,,,,,,,,,,,,,,,,,,,,,,,1690,1680,,,,,,,,,,,3720,3920,4210,4460,4680,5100,5210,5040,5200,5440,5290,5310,5350,5700,6180,6290,6310,6620,6510,,,6510.00
Kosovo,XKX,2020,"GNI per capita, PPP (current international $)",NY.GNP.PCAP.PP.CD,,,,,,,,,,,,,,,,,,,,,,,,,,,,,,,,,,,,,,,,,,,,,,,,,6840,6980,7350,7970,8300,8580,8830,9510,10130,10650,11200,12070,11570,,,11570.00
Yemen,YEM,2013,"GNI per capita, PPP (current international $)",NY.GNP.PCAP.PP.CD,,,,,,,,,,,,,,,,,,,,,,,,,,,,,,,2050,2090,2220,2260,2340,2360,2320,2400,2590,2550,2720,2840,2890,2930,3010,3190,3410,3520,3590,3750,3920,3350,3340,3520,,,,,,,,,,3520.00
South Africa,ZAF,2020,"GNI per capita, PPP (current international $)",NY.GNP.PCAP.PP.CD,,,,,,,,,,,,,,,,,,,,,,,,,,,,,,,6830,6890,6750,6840,7060,7270,7560,7750,7740,7920,8320,8560,8960,9260,9890,10600,11390,12010,12480,12320,12660,13080,12880,13280,13260,13390,13400,13480,13810,13930,13140,,,13140.00
Zambia,ZMB,2020,"GNI per capita, PPP (current international $)",NY.GNP.PCAP.PP.CD,,,,,,,,,,,,,,,,,,,,,,,,,,,,,,,1350,1320,1310,1430,1320,1360,1440,1480,1440,1510,1570,1660,1720,1840,1900,2020,2150,2280,2530,2850,2970,3160,3360,3430,3470,3360,3300,3330,3550,3550,3360,,,3360.00
Zimbabwe,ZWE,2020,"GNI per capita, PPP (current international $)",NY.GNP.PCAP.PP.CD,,,,,,,,,,,,,,,,,,,,,,,,,,,,,,,1740,1850,1680,1710,1870,1890,2110,2170,2220,2230,2190,2270,2110,1780,1710,1650,1620,1580,1290,1510,1810,2070,2340,2520,2570,2630,2750,3730,3950,3710,3420,,,3420.00